time,power,soc,current,voltage,output,loss,temp,warning
0.1,0.0,50.0,0.0,466.27191,0.0,0.0,60,
0.2,0.0,50.0,0.0,466.27191,0.0,0.0,60,
0.3,0.0,50.0,0.0,466.27191,0.0,0.0,60,
0.4,0.0,50.0,0.0,466.27191,0.0,0.0,60,
0.5,0.0,50.0,0.0,466.27191,0.0,0.0,60,
0.6,0.0,50.0,0.0,466.27191,0.0,0.0,60,
0.7,0.0,50.0,0.0,466.27191,0.0,0.0,60,
0.8,0.0,50.0,0.0,466.27191,0.0,0.0,60,
0.9,0.0,50.0,0.0,466.27191,0.0,0.0,60,
1.0,0.0,50.0,0.0,466.27191,0.0,0.0,60,
1.1,0.0,50.0,0.0,466.27191,0.0,0.0,60,
1.2,0.0,50.0,0.0,466.27191,0.0,0.0,60,
1.3,0.0,50.0,0.0,466.27191,0.0,0.0,60,
1.4,0.0,50.0,0.0,466.27191,0.0,0.0,60,
1.5,0.0,50.0,0.0,466.27191,0.0,0.0,60,
1.6,0.0,50.0,0.0,466.27191,0.0,0.0,60,
1.7,0.0,50.0,0.0,466.27191,0.0,0.0,60,
1.8,0.0,50.0,0.0,466.27191,0.0,0.0,60,
1.9,0.0,50.0,0.0,466.27191,0.0,0.0,60,
2.0,0.0,50.0,0.0,466.27191,0.0,0.0,60,
2.1,0.0,50.0,0.0,466.27191,0.0,0.0,60,
2.2,0.0,50.0,0.0,466.27191,0.0,0.0,60,
2.3,0.0,50.0,0.0,466.27191,0.0,0.0,60,
2.4,0.0,50.0,0.0,466.27191,0.0,0.0,60,
2.5,0.0,50.0,0.0,466.27191,0.0,0.0,60,
2.6,0.0,50.0,0.0,466.27191,0.0,0.0,60,
2.7,0.0,50.0,0.0,466.27191,0.0,0.0,60,
2.8,0.0,50.0,0.0,466.27191,0.0,0.0,60,
2.9,0.0,50.0,0.0,466.27191,0.0,0.0,60,
3.0,0.0,50.0,0.0,466.27191,0.0,0.0,60,
3.1,0.0,50.0,0.0,466.27191,0.0,0.0,60,
3.2,0.0,50.0,0.0,466.27191,0.0,0.0,60,
3.3,-50000.0,50.155976161893925,-101.0725529072602,494.69414358097725,-50000.0000000001,1467.0239137095712,60,
3.4,-50000.0,50.3117401221164,-100.93504622416815,495.36807947711645,-50000.00000000015,1462.3882459336355,60,
3.5,-50000.0,50.46729321334431,-100.79840311568985,496.0396043438627,-49999.99999999997,1457.7873863773627,60,
3.6,-50000.0,50.62263675647887,-100.66261595119416,496.7087287324458,-50000.00000000007,1453.2209602460337,60,
3.7,-50000.0,50.777772060781324,-100.52767718798799,497.37546314234817,-49999.99999999999,1448.6885978862429,60,
3.8,0.0,50.777772060781324,4.7802202308440256e-14,469.8001141994887,2.2457480103492294e-11,3.4493773162407382e-28,60,
3.9,-50000.0,50.932702801049565,-100.39511969382276,498.0321767879365,-49999.999999999985,1444.234251023273,60,
4.0,-50000.0,51.08742786837514,-100.26184362696588,498.6942010165899,-50000.00000000003,1439.7684997845117,60,
4.1,-50000.0,51.2419485380599,-100.12939395572927,499.3538662793342,-50000.00000000001,1435.3357381956803,60,
4.2,0.0,51.2419485380599,-8.612465348922958e-14,471.8778236060739,-4.064031404732491e-11,1.120055941277173e-27,60,
4.3,-50000.0,51.39626980678973,-100.00018213693143,499.99908931700105,-49999.99999999995,1431.0048376210925,60,
4.4,-45000.0,51.535722072149944,-90.36506795341865,497.98003829529034,-44999.999999999935,1168.0193513021954,60,
4.5,-38000.0,51.6542420418498,-76.80094036550364,494.7856083422167,-38000.00000000002,843.3534189270197,60,
4.6,-38000.0,51.77264166771655,-76.72295756165462,495.28851868703197,-37999.999999999935,841.3577078340244,60,
4.7,-25000.0,51.85159931169733,-51.16455329954858,488.61953027586594,-24999.999999999935,374.0433605352892,60,
4.8,-6000.0,51.87096631423238,-12.54981764271695,478.09459633718143,-5999.999999999998,22.49887121510402,60,
4.9,-8000.0,51.89672252480947,-16.69002445395407,479.328237179703,-7999.99999999994,39.79017811887806,60,
5.0,-2000.0,51.90320780328322,-4.202460450993527,475.9116768195187,-2000.0000000000402,2.522535798007766,60,
5.1,-20000.0,51.966673667094895,-41.125879749968085,486.31178522121644,-20000.000000000055,241.5752545927222,60,
5.2,0.0,51.966673667094895,-8.305645871753703e-14,475.0077695572013,-3.9452463202737034e-11,1.0421969892229352e-27,60,
5.3,0.0,51.966673667094895,-7.666750035464957e-14,474.9880992433397,-3.641615026719307e-11,8.880258369710139e-28,60,
5.4,0.0,51.966673667094895,-1.597239590721866e-14,474.968500701364,-7.586384936660249e-12,3.854278806297836e-29,60,
5.5,0.0,51.966673667094895,-7.98619795360933e-14,474.94897366939716,-3.7930365215873915e-11,9.635697015744508e-28,60,
5.6,0.0,51.966673667094895,-1.2777916725774929e-14,474.9295178865175,-6.068609830166355e-12,2.466738436030594e-29,60,
5.7,0.0,51.966673667094895,-3.194479181443732e-14,474.9101330927557,-1.51709053322148e-11,1.5417115225191345e-28,60,
5.8,0.0,51.966673667094895,-4.1528229358768516e-14,474.8908190290908,-1.9721374853013514e-11,2.6054924730573147e-28,60,
5.9,0.0,51.966673667094895,-2.2361354270106123e-14,474.8715754374469,-1.0618771531160174e-11,7.554386460343761e-29,60,
6.0,0.0,51.966673667094895,9.583437544331196e-15,474.8524020606899,4.550718337924268e-12,1.3875403702672092e-29,60,
6.1,0.0,51.966673667094895,-8.94454170804245e-14,474.83329864262384,-4.2471662440763254e-11,1.208701833654991e-27,60,
6.2,0.0,51.966673667094895,-5.1111666903099714e-14,474.8142649279875,-2.4268548549839438e-11,3.9467814976489853e-28,60,
6.3,0.0,51.966673667094895,-2.2361354270106123e-14,474.79530066245115,-1.0617065923894623e-11,7.554386460343694e-29,60,
6.4,0.0,51.966673667094895,7.98619795360933e-14,474.776405592613,3.7916583587657194e-11,9.635697015744593e-28,60,
6.5,0.0,51.966673667094895,1.9166875088662393e-14,474.7575794659959,9.099619223020454e-12,5.550161481068837e-29,60,
6.6,0.0,51.966673667094895,-2.875031263299359e-14,474.73882203104375,-1.3648889552411613e-11,1.2487863332404884e-28,60,
6.7,0.0,51.966673667094895,7.027854199176211e-14,474.7201330371185,3.336263880398403e-11,7.461883768992614e-28,60,
6.8,0.0,51.966673667094895,-6.388958362887464e-15,474.7015122344966,-3.032848196465913e-12,6.166846090076485e-30,60,
6.9,0.0,51.966673667094895,3.5139270995881055e-14,474.6829593743655,1.6680013146582626e-11,1.8654709422481534e-28,60,
7.0,0.0,51.966673667094895,-5.1111666903099714e-14,474.6644742088208,-2.4260892496496215e-11,3.9467814976489503e-28,60,
7.1,0.0,51.966673667094895,-9.583437544331197e-14,474.64605649086235,-4.5487408380432764e-11,1.3875403702672094e-27,60,
7.2,0.0,51.966673667094895,4.1528229358768516e-14,474.62770597439135,1.971044823373067e-11,2.605492473057338e-28,60,
7.3,0.0,51.966673667094895,6.388958362887464e-14,474.609422414207,3.032259838438437e-11,6.166846090076483e-28,60,
7.4,0.0,51.966673667094895,-8.94454170804245e-14,474.59120556600317,-4.2450008324552634e-11,1.2087018336550017e-27,60,
7.5,0.0,51.966673667094895,5.4306146084543445e-14,474.573055186365,2.5772233662738837e-11,4.45554630008026e-28,60,
7.6,0.0,51.966673667094895,-9.583437544331196e-15,474.55497103276605,-4.547867926244413e-12,1.3875403702672092e-29,60,
7.7,0.0,51.966673667094895,5.750062526598718e-14,474.53695286356447,2.728617150147124e-11,4.995145332961997e-28,60,
7.8,0.0,51.966673667094895,2.2361354270106123e-14,474.5190004380004,1.0610887476690769e-11,7.554386460343694e-29,60,
7.9,0.0,51.966673667094895,-4.7917187721655984e-14,474.5011135161923,-2.273675893049018e-11,3.4688509256680543e-28,60,
8.0,0.0,51.966673667094895,-9.90288546247557e-14,474.4832918591338,-4.698753693139369e-11,1.4815847731408758e-27,60,
8.1,0.0,51.966673667094895,5.1111666903099714e-14,474.4655352286907,2.4250724393609763e-11,3.9467814976489503e-28,60,
8.2,0.0,51.966673667094895,7.347302117320584e-14,474.4478433875979,3.485911644279883e-11,8.15565395412615e-28,60,
8.3,0.0,51.966673667094895,-2.875031263299359e-14,474.4302160994557,-1.364001703539806e-11,1.2487863332405104e-28,60,
8.4,0.0,51.966673667094895,-7.347302117320584e-14,474.41265312872713,-3.4856530908163724e-11,8.15565395412615e-28,60,
8.5,0.0,51.966673667094895,-1.2777916725774929e-14,474.39515424073454,-6.061781775999259e-12,2.466738436030594e-29,60,
8.6,0.0,51.966673667094895,9.583437544331196e-15,474.3777192016566,4.546169244391358e-12,1.3875403702672092e-29,60,
8.7,0.0,51.966673667094895,3.8333750177324786e-14,474.3603477785252,1.8184011065770886e-11,2.2200645924275347e-28,60,
8.8,0.0,51.966673667094895,-8.625093789898076e-14,474.3430397392222,-4.091253206336142e-11,1.1239076999164593e-27,60,
8.9,0.0,51.966673667094895,-4.7917187721655984e-14,474.32579485247635,-2.2728358153169794e-11,3.4688509256680234e-28,60,
9.0,0.0,51.966673667094895,3.194479181443732e-15,474.3086128878603,1.515168989449724e-12,1.5417115225191212e-30,60,
9.1,0.0,51.966673667094895,3.194479181443732e-15,474.2914936157876,1.5151143022914862e-12,1.5417115225191212e-30,60,
9.2,0.0,51.966673667094895,-4.7917187721655984e-14,474.2744368075093,-2.272589722008809e-11,3.4688509256680234e-28,60,
9.3,-60000.0,52.14911250364158,-118.22036608224681,507.52676538201143,-59999.99999999998,1995.8509394576965,60,
9.4,-55000.0,52.316958282063254,-108.76406441724166,505.6817276431358,-55000.00000000007,1688.4511856081103,60,
9.5,-60000.0,52.49887093504113,-117.87939912966839,508.9947899547692,-59999.99999999996,1982.3739887975873,60,
9.6,0.0,52.49887093504113,7.03542971483669e-14,476.62489918451246,3.353260978553761e-11,7.480738192516915e-28,60,
9.7,-50000.0,52.65181567792149,-99.10819338647129,504.4991568459495,-50000.00000000007,1400.5656115812424,60,
9.8,-50000.0,52.80456656096468,-98.98257221199184,505.13942891799667,-49999.99999999992,1396.407563710201,60,
9.9,-50000.0,52.95712475828913,-98.85771186624312,505.7774356304268,-50000.00000000006,1392.2793113468038,60,
10.0,-50000.0,53.10949143402731,-98.73360587834145,506.41318682931114,-50000.0000000001,1388.1805469214287,60,
10.1,-45000.0,53.24716836703251,-89.21465258736774,504.4014485841494,-44999.99999999992,1132.9198502707823,60,
10.2,-45000.0,53.384689629128545,-89.1137778382324,504.9724194353909,-45000.00000000013,1129.914380742469,60,
10.3,-25000.0,53.46267568040074,-50.53496122437888,494.7070185529223,-25000.000000000015,363.21923689654375,60,
10.4,-25000.0,53.54061220336538,-50.502866881087606,495.0214026238182,-24999.99999999996,362.67708153079707,60,
10.5,-45000.0,53.67781149769213,-88.90514272373552,506.15744625519864,-44999.99999999993,1123.6859076311146,60,
10.6,-42000.0,53.806124919839114,-83.14709755124915,505.1288768572184,-42000.00000000006,982.4597212131512,60,
10.7,-40000.0,53.928459036406004,-79.27250753534257,504.588554640668,-39999.99999999997,892.7012576160625,60,
10.8,-30000.0,54.02110844443199,-60.036816400831945,499.69338480086896,-30000.000000000036,511.8515645266184,60,
10.9,-10000.0,54.052671441654255,-20.45282220002918,488.9300802695908,-9999.999999999935,59.388162206468735,60,
11.0,0.0,54.052671441654255,3.2080185885751375e-14,483.27472487838537,1.5503543007983958e-11,1.5570564023198396e-28,60,
11.1,0.0,54.052671441654255,-9.624055765725413e-14,483.238056267318,-4.650710001637423e-11,1.401350762087856e-27,60,
11.2,0.0,54.052671441654255,-6.416037177150275e-15,483.2015206503632,-3.1002389205482766e-12,6.2282256092793595e-30,60,
11.3,0.0,54.052671441654255,8.340848330295357e-14,483.1651175451622,4.030006963933526e-11,1.0525701279682301e-27,60,
11.4,0.0,54.052671441654255,8.982452048010385e-14,483.1288464711055,4.339681696437276e-11,1.2207322194187543e-27,60,
11.5,0.0,54.052671441654255,9.624055765725413e-14,483.09270694932655,4.6493111516955634e-11,1.401350762087856e-27,60,
11.6,0.0,54.052671441654255,6.416037177150275e-15,483.05669850269595,3.099309736264769e-12,6.2282256092793595e-30,60,
11.7,0.0,54.052671441654255,-3.849622306290165e-14,483.0208206558146,-1.8594477255992053e-11,2.2421612193405694e-28,60,
11.8,0.0,54.052671441654255,-3.2080185885751375e-14,482.9850729350076,-1.549425091979823e-11,1.5570564023198674e-28,60,
11.9,0.0,54.052671441654255,5.13282974172022e-14,482.94945486831824,2.478897325695671e-11,3.98606438993879e-28,60,
12.0,0.0,54.052671441654255,5.774433459435247e-14,482.9139659855013,2.7885545632152537e-11,5.0448627435162805e-28,60,
12.1,0.0,54.052671441654255,-4.4912260240051924e-14,482.8786058180173,-2.1687169608852244e-11,3.0518305485468857e-28,60,
12.2,0.0,54.052671441654255,1.9248111531450826e-14,482.84337389902606,9.293823113030466e-12,5.605403048351423e-29,60,
12.3,0.0,54.052671441654255,3.2080185885751375e-14,482.80826976338057,1.5488579041187245e-11,1.5570564023198674e-28,60,
12.4,0.0,54.052671441654255,5.13282974172022e-14,482.7732929476208,2.4779931165497566e-11,3.98606438993879e-28,60,
12.5,0.0,54.052671441654255,1.283207435430055e-14,482.73844298996784,6.1945355941265445e-12,2.4912902437117438e-29,60,
12.6,0.0,54.052671441654255,-1.9248111531450826e-14,482.7037194303175,-9.291135028240898e-12,5.605403048351423e-29,60,
12.7,0.0,54.052671441654255,-7.057640894865303e-14,482.6691218102343,-3.4065053327766317e-11,7.5361529872280245e-28,60,
12.8,0.0,54.052671441654255,-3.849622306290165e-14,482.6346496729455,-1.8579611131695106e-11,2.2421612193406093e-28,60,
12.9,0.0,54.052671441654255,1.9248111531450826e-14,482.6003025633351,9.289144448850988e-12,5.605403048351423e-29,60,
13.0,0.0,54.052671441654255,8.340848330295357e-14,482.56608002793774,4.0250104828582004e-11,1.0525701279682113e-27,60,
13.1,0.0,54.052671441654255,6.416037177150275e-15,482.5319816149328,3.095943133205402e-12,6.2282256092793595e-30,60,
13.2,0.0,54.052671441654255,7.057640894865303e-14,482.49800687413824,3.405297665005918e-11,7.5361529872280245e-28,60,
13.3,0.0,54.052671441654255,-1.9248111531450826e-14,482.46415535700487,-9.286523872238849e-12,5.605403048351523e-29,60,
13.4,0.0,54.052671441654255,-3.2080185885751375e-14,482.43042661661036,-1.54764577628032e-11,1.5570564023198396e-28,60,
13.5,0.0,54.052671441654255,-6.416037177150275e-14,482.3968202076534,-3.0950759325913813e-11,6.2282256092793585e-28,60,
13.6,0.0,54.052671441654255,8.982452048010385e-14,482.36333568644744,4.3328055325218507e-11,1.2207322194187543e-27,60,
13.7,0.0,54.052671441654255,4.4912260240051924e-14,482.3299726109156,2.166252925147856e-11,3.0518305485468857e-28,60,
13.8,0.0,54.052671441654255,1.9248111531450826e-14,482.2967305405841,9.283301260699249e-12,5.605403048351523e-29,60,
13.9,0.0,54.052671441654255,8.340848330295357e-14,482.2636090365767,4.022487618194944e-11,1.0525701279682113e-27,60,
14.0,0.0,54.052671441654255,7.057640894865303e-14,482.2306076616092,3.403410457388318e-11,7.5361529872280245e-28,60,
14.1,0.0,54.052671441654255,6.416037177150275e-15,482.19772597998303,3.093798536624892e-12,6.2282256092793595e-30,60,
14.2,0.0,54.052671441654255,-4.4912260240051924e-14,482.16496355758005,-2.1655118321933187e-11,3.0518305485468857e-28,60,
14.3,0.0,54.052671441654255,-2.56641487086011e-14,482.1323199618567,-1.2373515556723937e-11,9.965160974847152e-29,60,
14.4,0.0,54.052671441654255,-7.69924461258033e-14,482.0997947618381,-3.711804247546165e-11,8.968644877362278e-28,60,
14.5,0.0,54.052671441654255,-1.9248111531450826e-14,482.0673875281124,-9.278886840816235e-12,5.605403048351423e-29,60,
14.6,0.0,54.052671441654255,-4.4912260240051924e-14,482.03509783282556,-2.1649285758706752e-11,3.0518305485468857e-28,60,
14.7,0.0,54.052671441654255,-3.2080185885751375e-14,482.0029252496749,-1.5462743439485497e-11,1.5570564023198396e-28,60,
14.8,0.0,54.052671441654255,-8.982452048010385e-14,481.9708693539041,-4.329280222509322e-11,1.220732219418776e-27,60,
14.9,0.0,54.052671441654255,6.416037177150275e-14,481.9389297222974,3.092138090214274e-11,6.2282256092793585e-28,60,
15.0,0.0,54.052671441654255,8.340848330295357e-14,481.9071059331741,4.019514079880183e-11,1.0525701279682113e-27,60,
15.1,0.0,54.052671441654255,-3.2080185885751375e-14,481.87539756638273,-1.5458652327699905e-11,1.5570564023198396e-28,60,
15.2,0.0,54.052671441654255,1.9248111531450826e-14,481.8438042032957,9.274583284043589e-12,5.605403048351423e-29,60,
15.3,0.0,54.052671441654255,8.982452048010385e-14,481.81232542680385,4.3278561092866405e-11,1.220732219418776e-27,60,
15.4,0.0,54.052671441654255,-1.026565948344044e-13,481.7809608213108,-4.945799289396337e-11,1.594425755975516e-27,60,
15.5,0.0,54.052671441654255,7.057640894865303e-14,481.7497099727274,3.40001645419302e-11,7.5361529872280245e-28,60,
15.6,0.0,54.052671441654255,-7.69924461258033e-14,481.71857246846656,-3.7088691238577285e-11,8.968644877362278e-28,60,
15.7,0.0,54.052671441654255,7.057640894865303e-14,481.6875478974374,3.399577736588344e-11,7.5361529872280245e-28,60,
15.8,0.0,54.052671441654255,-5.13282974172022e-14,481.65663585004035,-2.4722615057879928e-11,3.986064389938861e-28,60,
15.9,0.0,54.052671441654255,-5.13282974172022e-14,481.625835918161,-2.4721034149815995e-11,3.98606438993879e-28,60,
16.0,0.0,54.052671441654255,-8.982452048010385e-14,481.5951476951654,-4.3259053207263024e-11,1.2207322194187543e-27,60,
16.1,0.0,54.052671441654255,-6.416037177150275e-14,481.5645707758944,-3.0897361892965537e-11,6.22822560927947e-28,60,
16.2,0.0,54.052671441654255,5.13282974172022e-14,481.53410475665834,2.4716325745475962e-11,3.986064389938719e-28,60,
16.3,0.0,54.052671441654255,-4.4912260240051924e-14,481.50374923523174,-2.162542169221343e-11,3.05183054854694e-28,60,
16.4,0.0,54.052671441654255,1.283207435430055e-14,481.4735038108478,6.178303800526408e-12,2.4912902437116995e-29,60,
16.5,0.0,54.052671441654255,-7.057640894865303e-14,481.44336808419337,-3.397854403152692e-11,7.536152987228158e-28,60,
16.6,0.0,54.052671441654255,8.982452048010385e-14,481.41334165740363,4.3242722567100686e-11,1.220732219418776e-27,60,
16.7,0.0,54.052671441654255,-5.774433459435247e-14,481.3834241340568,-2.7797165511372065e-11,5.044862743516191e-28,60,
16.8,0.0,54.052671441654255,-8.982452048010385e-14,481.35361511916864,-4.323735765944379e-11,1.220732219418776e-27,60,
16.9,0.0,54.052671441654255,7.69924461258033e-14,481.32391421918777,3.7058305534581585e-11,8.96864487736212e-28,60,
17.0,0.0,54.052671441654255,6.416037177150275e-15,481.29432104199014,3.0880022569567088e-12,6.22822560927947e-30,60,
17.1,0.0,54.052671441654255,2.2456130120025962e-14,481.2648351968738,1.0807345761373848e-11,7.62957637136735e-29,60,
17.2,0.0,54.052671441654255,-8.020046471437844e-14,481.2354562945539,-3.859530723185918e-11,9.731602514498826e-28,60,
17.3,0.0,54.052671441654255,-2.2456130120025962e-14,481.2061839471575,-1.0806028681278518e-11,7.62957637136735e-29,60,
17.4,0.0,54.052671441654255,-1.6040092942875688e-14,481.1770177682184,-7.718124086977968e-12,3.89264100579953e-29,60,
17.5,0.0,54.052671441654255,6.416037177150275e-15,481.1479573726721,3.0870631822129804e-12,6.22822560927947e-30,60,
17.6,0.0,54.052671441654255,-6.095235318292761e-14,481.11900237685086,-2.93253353558916e-11,5.6209736123747205e-28,60,
17.7,0.0,54.052671441654255,-9.624055765725413e-15,481.09015239847815,-4.630038455024292e-12,1.4013507620878312e-29,60,
17.8,0.0,54.052671441654255,-3.2080185885751375e-14,481.06140705666417,-1.5432539360838896e-11,1.5570564023198674e-28,60,
17.9,0.0,54.052671441654255,8.020046471437844e-14,481.0327659719005,3.857905137378927e-11,9.731602514498826e-28,60,
18.0,0.0,54.052671441654255,-4.1704241651476785e-14,481.00422876605523,-2.005991659184179e-11,2.6314253199205754e-28,60,
18.1,0.0,54.052671441654255,-1.283207435430055e-14,480.9757950623678,-6.171917164859127e-12,2.491290243711788e-29,60,
18.2,0.0,54.052671441654255,4.812027882862706e-14,480.9474644854442,2.3143326092960785e-11,3.503376905219577e-28,60,
18.3,0.0,54.052671441654255,-3.5288204474326514e-14,480.91923666125194,-1.6970776358939284e-11,1.8840382468070395e-28,60,
18.4,0.0,54.052671441654255,-6.416037177150275e-15,480.89111121711505,-3.085415247730118e-12,6.228225609279249e-30,60,
18.5,0.0,54.052671441654255,-2.8872167297176237e-14,480.8630877817093,-1.3883559517470253e-11,1.2612156858790926e-28,60,
18.6,0.0,54.052671441654255,-6.416037177150275e-14,480.83516598505724,-3.0850563010413503e-11,6.22822560927947e-28,60,
18.7,0.0,54.052671441654255,1.6040092942875688e-14,480.8073454585232,7.71219450877205e-12,3.89264100579953e-29,60,
18.8,0.0,54.052671441654255,-5.13282974172022e-14,480.7796258348086,-2.4677599626980247e-11,3.986064389938861e-28,60,
18.9,0.0,54.052671441654255,9.944857624582926e-14,480.75200674794695,4.781010259840863e-11,1.4963312026293395e-27,60,
19.0,0.0,54.052671441654255,-9.944857624582926e-14,480.7244878332993,-4.780736588152709e-11,1.4963312026293926e-27,60,
19.1,0.0,54.052671441654255,1.9248111531450826e-14,480.69706872754887,9.252510791709344e-12,5.605403048351523e-29,60,
19.2,0.0,54.052671441654255,7.69924461258033e-14,480.66974906869694,3.700793975947504e-11,8.96864487736212e-28,60,
19.3,0.0,54.052671441654255,-5.453631600577734e-14,480.64252849605754,-2.6212472819876835e-11,4.499893002704417e-28,60,
19.4,0.0,54.052671441654255,3.2080185885751375e-14,480.61540665025285,1.54182315848961e-11,1.557056402319812e-28,60,
19.5,0.0,54.052671441654255,3.2080185885751375e-14,480.5883831732086,1.5417364666729242e-11,1.5570564023198674e-28,60,
19.6,0.0,54.052671441654255,-4.1704241651476785e-14,480.5614577081493,-2.00414511606466e-11,2.6314253199205754e-28,60,
19.7,0.0,54.052671441654255,4.1704241651476785e-14,480.53462989959314,2.0040332327235594e-11,2.631425319920482e-28,60,
19.8,0.0,54.052671441654255,3.849622306290165e-14,480.50789939334794,1.849773927853263e-11,2.2421612193406093e-28,60,
19.9,0.0,54.052671441654255,5.453631600577734e-14,480.48126583650594,2.6203678148515595e-11,4.499893002704258e-28,60,
20.0,0.0,54.052671441654255,0.0,480.4547288774395,0.0,0.0,60,
20.1,0.0,54.052671441654255,-9.944857624582926e-14,480.42828816579623,-4.777790924630942e-11,1.4963312026293926e-27,60,
20.2,0.0,54.052671441654255,8.982452048010385e-14,480.4019433524943,4.315187419934781e-11,1.2207322194187326e-27,60,
20.3,0.0,54.052671441654255,6.416037177150275e-15,480.3756940897183,3.0821083122790005e-12,6.22822560927947e-30,60,
20.4,0.0,54.052671441654255,-6.736839036007789e-14,480.3495400309141,-3.2360375322086484e-11,6.866618734230372e-28,60,
20.5,0.0,54.052671441654255,-8.340848330295357e-14,480.32348083078443,-4.006305303089102e-11,1.0525701279682301e-27,60,
20.6,0.0,54.052671441654255,-2.2456130120025962e-14,480.29751614528453,-1.078562351888378e-11,7.62957637136735e-29,60,
20.7,0.0,54.052671441654255,-2.2456130120025962e-14,480.27164563161745,-1.07850425672626e-11,7.629576371367079e-29,60,
20.8,0.0,54.052671441654255,-4.812027882862706e-14,480.24586894822943,-2.310956512008509e-11,3.5033769052197023e-28,60,
20.9,0.0,54.052671441654255,7.057640894865303e-14,480.22018575480564,3.3892216215229285e-11,7.53615298722789e-28,60,
21.0,0.0,54.052671441654255,7.69924461258033e-14,480.1945957122654,3.6971356540278494e-11,8.968644877362437e-28,60,
21.1,0.0,54.052671441654255,-1.283207435430055e-14,480.1690984827581,-6.161565574368215e-12,2.491290243711788e-29,60,
21.2,0.0,54.052671441654255,3.849622306290165e-14,480.1436937296581,1.8483718736062453e-11,2.24216121934053e-28,60,
21.3,0.0,54.052671441654255,8.340848330295357e-14,480.1183811175609,4.0045945974885174e-11,1.0525701279682301e-27,60,
21.4,0.0,54.052671441654255,4.1704241651476785e-14,480.0931603122786,2.002192117288445e-11,2.631425319920482e-28,60,
21.5,0.0,54.052671441654255,5.13282974172022e-14,480.0680309808352,2.464107467467495e-11,3.986064389938861e-28,60,
21.6,0.0,54.052671441654255,-1.283207435430055e-14,480.0429927914624,-6.1599473767610085e-12,2.491290243711788e-29,60,
21.7,0.0,54.052671441654255,-6.095235318292761e-14,480.0180454135952,-2.925822943822804e-11,5.620973612374521e-28,60,
21.8,0.0,54.052671441654255,6.416037177150275e-14,479.99318851786745,3.079654142309538e-11,6.22822560927947e-28,60,
21.9,0.0,54.052671441654255,-9.944857624582926e-14,479.96842177610796,-4.773217618859161e-11,1.4963312026293395e-27,60,
22.0,0.0,54.052671441654255,2.8872167297176237e-14,479.94374486133523,1.3857016094869738e-11,1.2612156858790926e-28,60,
22.1,0.0,54.052671441654255,2.56641487086011e-14,479.9191574477542,1.2316716624845708e-11,9.965160974847152e-29,60,
22.2,0.0,54.052671441654255,3.849622306290165e-14,479.894659210751,1.847413184767224e-11,2.24216121934053e-28,60,
22.3,0.0,54.052671441654255,-9.944857624582926e-14,479.87024982688956,-4.7722413128014563e-11,1.4963312026293926e-27,60,
22.4,0.0,54.052671441654255,-4.812027882862706e-14,479.84592897390655,-2.309031989700596e-11,3.503376905219577e-28,60,
22.5,0.0,54.052671441654255,8.661650189152871e-14,479.8216963307075,4.156047686782524e-11,1.1350941172911833e-27,60,
22.6,0.0,54.052671441654255,6.416037177150275e-14,479.7975515773627,3.078398928426036e-11,6.22822560927947e-28,60,
22.7,-55000.0,54.21905087129749,-107.81387040882136,510.138443146921,-55000.00000000002,1650.0738397945843,60,
22.8,-55000.0,54.38520426739727,-107.66740067265356,510.83243076722147,-54999.99999999999,1644.8085869968127,60,
22.9,-55000.0,54.55113305992582,-107.52185755850235,511.5239008038404,-55000.00000000001,1639.583016412912,60,
23.0,-55000.0,54.71683866615251,-107.37723283489494,512.2128643840999,-54999.99999999996,1634.3966982780294,60,
23.1,-45000.0,54.85363140865442,-88.64169714123567,507.6617602244234,-44999.99999999994,1113.2751950426732,60,
23.2,-45000.0,54.990272088552736,-88.54316057411133,508.2267191302097,-44999.999999999935,1110.3650369481868,60,
23.3,-45000.0,55.126761563532334,-88.44517978677345,508.78973968380745,-45000.000000000015,1107.4739744697729,60,
23.4,-25000.0,55.204140885738305,-50.1418007894743,498.5860022252722,-24999.99999999999,355.8071082595761,60,
23.5,-45000.0,55.34039918001745,-88.29537469288229,509.65297057205413,-45000.00000000003,1103.0470198423407,60,
23.6,-25000.0,55.41764269496278,-50.05379768456636,499.46260137037433,-24999.999999999935,354.3414389842842,60,
23.7,-30000.0,55.509775503153804,-59.70205970778783,502.4952262423631,-29999.999999999916,503.99934028901885,60,
23.8,-20000.0,55.57182859224139,-40.21040172875536,497.3837400310652,-19999.99999999995,228.5667162526205,60,
23.9,0.0,55.57182859224139,-4.505131823087637e-14,486.2950058447183,-2.190823106239629e-11,3.0739874222949777e-28,60,
24.0,0.0,55.57182859224139,-5.79231234396982e-14,486.2569202670298,-2.816551961603465e-11,5.081489412365348e-28,60,
24.1,0.0,55.57182859224139,7.723083125293093e-14,486.21897222212533,3.7551095395660476e-11,9.033758955316173e-28,60,
24.2,0.0,55.57182859224139,6.435902604410911e-15,486.18116121335333,3.1290146016685417e-12,6.273443718969342e-30,60,
24.3,0.0,55.57182859224139,-1.2871805208821822e-14,486.14348674585557,-6.257544264930106e-12,2.509377487587826e-29,60,
24.4,0.0,55.57182859224139,-1.2871805208821822e-14,486.1059483265608,-6.257061077709097e-12,2.509377487587737e-29,60,
24.5,0.0,55.57182859224139,-1.9307707813232733e-14,486.0685454641784,-9.384869453025386e-12,5.646099347072608e-29,60,
24.6,0.0,55.57182859224139,5.148722083528729e-14,486.0312776691918,2.5024399726210515e-11,4.0150039801405217e-28,60,
24.7,0.0,55.57182859224139,-6.435902604410911e-15,485.9941444538523,-3.1278109800190003e-12,6.273443718969342e-30,60,
24.8,0.0,55.57182859224139,3.8615415626465465e-14,485.95714533217233,1.8765437143652518e-11,2.258439738829043e-28,60,
24.9,0.0,55.57182859224139,-5.79231234396982e-14,485.9202798199195,-2.8146020349861886e-11,5.081489412365168e-28,60,
25.0,0.0,55.57182859224139,-8.366673385734184e-14,485.8835474346098,-4.065228944887263e-11,1.0602119885058565e-27,60,
25.1,0.0,55.57182859224139,9.010263646175275e-14,485.84694769550174,4.377609090425999e-11,1.2295949689180346e-27,60,
25.2,0.0,55.57182859224139,-7.723083125293093e-14,485.8104801235899,-3.7519547211330326e-11,9.033758955315852e-28,60,
25.3,0.0,55.57182859224139,-5.148722083528729e-14,485.7741442415985,-2.5011160640639882e-11,4.0150039801405217e-28,60,
25.4,0.0,55.57182859224139,3.8615415626465465e-14,485.73793957397527,1.8756972422192024e-11,2.258439738828963e-28,60,
25.5,0.0,55.57182859224139,-9.653853906616366e-14,485.7018656468854,-4.688894853126042e-11,1.4115248367681522e-27,60,
25.6,0.0,55.57182859224139,0.0,485.6659219882048,0.0,0.0,60,
25.7,80000.0,55.28733484771333,184.3519464541851,433.9525648560561,79999.99999999994,5147.336191029949,60,
25.8,90000.0,54.96044142143407,211.82694022896052,424.87513581945893,90000.00000000001,6794.601888795283,60,
25.9,80000.0,54.673740987617094,185.78188111340506,430.6124984877636,80000.00000000001,5225.286833216559,60,
26.0,80000.0,54.385993796932894,186.46017956335467,429.04603110080075,79999.99999999996,5262.468025219008,60,
26.1,80000.0,54.09718923026258,187.14535920236753,427.47520077958717,80000.00000000001,5300.15922474674,60,
26.2,80000.0,53.80731645624728,187.83755756191977,425.8999160677881,79999.99999999996,5338.372089824435,60,
26.3,75000.0,53.536938906121556,175.20465248146664,428.0708242489941,74999.99999999999,4643.528231567192,60,
26.4,75000.0,53.26563928866591,175.80215211125835,426.61593785572927,75000.00000000006,4674.378618102895,60,
26.5,75000.0,52.99340904077571,176.4052006328465,425.1575335134144,75000.00000000003,4705.6181196476755,60,
26.6,70000.0,52.740676809693866,163.77048574103148,427.4274432493918,70000.00000000006,4054.92931184566,60,
26.7,70000.0,52.48715001764077,164.28536125041174,426.08787214645673,69999.9999999999,4079.7514217810276,60,
26.8,75000.0,52.212217942507955,178.1559846860653,420.9794025845385,74999.99999999996,4796.898206455581,60,
26.9,75000.0,51.93632074907191,178.781381346566,419.50677097976586,75000.00000000004,4829.714880077491,60,
27.0,75000.0,51.659449068371465,179.412849093881,418.0302602560804,74999.99999999996,4862.962728356073,60,
27.1,75000.0,51.381593351627366,180.05050445017423,416.5497910101934,74999.99999999997,4896.651206492352,60,
27.2,80000.0,51.081313635036885,194.58125635063803,411.139292141474,80000.00000000001,5717.798002275051,60,
27.3,80000.0,50.77984116799813,195.3541586411083,409.51265412767924,79999.99999999997,5762.111654627027,60,
27.4,80000.0,50.47716224237383,196.13594380455234,407.8803632225578,79999.99999999999,5807.107886727865,60,
27.5,80000.0,50.17326284107704,196.9268120403182,406.2422946430528,80000.00000000001,5852.804273572948,60,
27.6,80000.0,49.86812862776029,197.7269702292484,404.5983201343073,80000.00000000009,5899.219031649004,60,
27.7,80000.0,49.561722227661924,198.55134726374686,402.91844453581854,80000.00000000003,5973.491389495862,60,
27.8,80000.0,49.25399783147081,199.4054087318375,401.192728465981,80000.00000000004,6085.207598708414,60,
27.9,80000.0,48.944938854774946,200.27021689892428,399.46029538868316,79999.99999999994,6199.105224162056,60,
28.0,80000.0,48.634528236760815,201.14608047315383,397.7208992182039,79999.99999999994,6315.24872135753,60,
28.1,80000.0,48.32274842410422,202.03331860147134,395.9742905466357,80000.00000000003,6433.705207847832,60,
28.2,75000.0,48.0322394558623,188.24981142076481,398.40677360554923,74999.99999999999,5640.393880483444,60,
28.3,75000.0,47.74055669331488,189.0104301307289,396.8034988763652,75000.0,5737.360407130325,60,
28.4,75000.0,47.44768616087476,189.78010502120117,395.1942169682192,75000.0,5836.104345853066,60,
28.5,75000.0,47.15361351236017,190.55907623745512,393.57873411677735,75000.00000000006,5936.674949370677,60,
28.6,75000.0,46.858324019119344,191.34759162004775,391.95685383344085,74999.99999999999,6039.123372367687,60,
28.7,75000.0,46.56180255754628,192.14590709935072,390.32837666024574,74999.99999999996,6143.5027667591885,60,
28.8,75000.0,46.264033595953386,192.95428711219296,388.6930999174502,74999.99999999999,6249.868382881455,60,
28.9,80000.0,45.941406041469655,209.06265530546094,382.6604033279505,79999.99999999997,7401.263491909077,60,
29.0,80000.0,45.61723801544894,210.06088086142145,380.8419714890967,80000.0,7542.47205215697,60,
29.1,80000.0,45.29150630051533,211.0741512769771,379.01372345219994,80000.00000000001,7686.793624025252,60,
29.2,80000.0,44.96418695147969,212.10293817509867,377.1753502724094,80000.00000000003,7834.333990291453,60,
29.3,80000.0,44.635255264613335,213.14773308939246,375.32653451420316,80000.00000000003,7985.203991262261,60,
29.4,80000.0,44.30468574503944,214.20904868388547,373.4669496528053,79999.99999999997,8139.5198412633,60,
29.5,80000.0,43.9724520721022,215.28742006333096,371.59625943989863,79999.99999999997,8297.40346991239,60,
29.6,80000.0,43.63852706256131,216.38340618249737,369.7141172300806,79999.99999999999,8458.982890508632,60,
29.7,80000.0,43.3028826314443,217.49759136383116,367.82016526415504,80000.00000000004,8624.392598163948,60,
29.8,80000.0,42.96548975037343,218.63058693392216,365.9140339049577,80000.0,8793.774000574844,60,
29.9,85000.0,42.60018534380353,236.71725545730072,359.0781746594403,84999.99999999999,10402.363854584351,60,
30.0,60000.0,42.35671653241809,157.76778977776425,380.3057651027345,60000.00000000001,4665.651875347463,60,
30.1,60000.0,42.11244067889911,158.29075308029985,379.0493053600068,60000.00000000002,4726.784820024292,60,
30.2,60000.0,41.86734967915623,158.8189678333921,377.78862826348666,60000.00000000001,4788.836690357534,60,
30.3,60000.0,41.621435260730074,159.3525431401462,376.52364259559795,60000.00000000001,4851.828354264678,60,
30.4,60000.0,41.374688978250724,159.89159104662244,375.2542557569819,60000.00000000001,4915.781334672076,60,
30.5,60000.0,41.12710220871661,160.43622665810176,373.9803736961681,60000.00000000002,4980.717836043318,60,
30.6,60000.0,40.87866614658581,160.98656826075776,372.70190083693893,60000.000000000044,5046.660772230028,60,
30.7,60000.0,40.629371798670604,161.54273744905421,371.418740003228,59999.999999999985,5113.633795734157,60,
30.8,60000.0,40.37920997882614,162.10485925921003,370.1307923413846,60000.00000000005,5181.661328461052,60,
30.9,60000.0,40.128171302423226,162.67306230909074,368.83795723962976,60000.00000000004,5250.76859405399,60,
31.0,60000.0,39.876246180594634,163.2474789449224,367.5401322445125,60000.000000000044,5320.981651914827,60,
31.1,60000.0,39.62340943220055,163.838212959362,366.21493189065865,59999.999999999985,5386.870727314977,60,
31.2,60000.0,39.369634058497354,164.4464421596735,364.860432442445,59999.99999999999,5448.152559301081,60,
31.3,60000.0,39.11490803054162,165.06246611531026,363.498749364891,59999.99999999998,5510.497027557364,60,
31.4,60000.0,38.8592190259185,165.68647499578904,362.12973932558396,59999.99999999997,5573.933399578806,60,
31.5,60000.0,38.602554418451675,166.31866563850295,360.7532550219663,60000.0,5638.492070944241,60,
31.6,60000.0,38.34490126742903,166.95924186267146,359.3691450117606,59999.99999999999,5704.204621778271,60,
31.7,60000.0,38.08624630631505,167.60841480186787,357.977253534238,59999.999999999985,5771.103876721429,60,
31.8,60000.0,37.826575930919276,168.26640325645735,356.5774203217092,60000.000000000015,5839.223968662623,60,
31.9,60000.0,37.56587618698812,168.93343406739345,355.16948040056934,59999.99999999997,5908.600406517343,60,
32.0,60000.0,37.30413275718419,169.60974251294724,353.7532638811704,59999.99999999999,5979.270147367893,60,
32.1,60000.0,37.04133094741556,170.2955727300739,352.32859573573717,60000.00000000004,6051.2716732903655,60,
32.2,60000.0,36.77800112199755,170.6377268708666,351.0,59893.84213167417,6099.351062512348,60,min voltage limit
32.3,0.0,36.77800112199755,7.301662372014886e-14,400.3638570266048,2.923321709965908e-11,1.1211594874583973e-27,60,
32.4,0.0,36.77800112199755,7.301662372014886e-14,400.46739049079287,2.924077676365614e-11,1.121159487458477e-27,60,
32.5,0.0,36.77800112199755,-7.301662372014886e-14,400.57066514902135,-2.924831753051584e-11,1.121159487458477e-27,60,
32.6,0.0,36.77800112199755,0.0,400.67368164823586,0.0,0.0,60,
32.7,0.0,36.77800112199755,7.301662372014886e-14,400.77644063376493,2.926334256165619e-11,1.121159487458477e-27,60,
32.8,0.0,36.77800112199755,7.301662372014886e-14,400.87894274932387,2.927082692005848e-11,1.1211594874583973e-27,60,
32.9,0.0,36.77800112199755,2.4338874573382954e-14,400.9811886370189,9.759430856522413e-12,1.2457327638427523e-28,60,
33.0,0.0,36.77800112199755,-7.301662372014886e-14,401.083178937351,-2.9285739556949695e-11,1.121159487458477e-27,60,
33.1,0.0,36.77800112199755,0.0,401.18491428922033,0.0,0.0,60,
33.2,0.0,36.77800112199755,-2.4338874573382954e-14,401.28639532992975,-9.766859243940127e-12,1.2457327638427523e-28,60,
33.3,0.0,36.77800112199755,2.4338874573382954e-14,401.3876226951892,9.76932300408657e-12,1.2457327638426637e-28,60,
33.4,0.0,36.77800112199755,-7.301662372014886e-14,401.48859701911937,-2.931534181647552e-11,1.121159487458477e-27,60,
33.5,0.0,36.77800112199755,0.0,401.58931893425586,0.0,0.0,60,
33.6,0.0,36.77800112199755,-4.867774914676591e-14,401.6897890715532,-1.9553354787242375e-11,4.982931055371009e-28,60,
33.7,0.0,36.77800112199755,2.4338874573382954e-14,401.7900080603885,9.779116611020322e-12,1.2457327638427523e-28,60,
33.8,-55000.0,36.97191096228109,-125.65357650374199,437.7113770284296,-55000.00000000003,2408.591260711,60,
33.9,-55000.0,37.16537078280322,-125.36196369833768,438.72956658806186,-55000.00000000003,2396.1964830527877,60,
34.0,-55000.0,37.35838482965886,-125.07310236245229,439.7428300819962,-54999.99999999998,2383.9467894539985,60,
34.1,-55000.0,37.550957287760234,-124.78695284969119,440.7512063079923,-54999.99999999995,2371.8396796455004,60,
34.2,-55000.0,37.74309228201612,-124.5034762778148,441.75473363710756,-55000.000000000015,2359.8727092782256,60,
34.3,-55000.0,37.9347938784826,-124.2226345102875,442.7534500199736,-55000.00000000003,2348.043488391765,60,
34.4,-50000.0,38.1098593346611,-113.44241560366983,440.7522506809393,-49999.999999999985,1957.199181183194,60,
34.5,-50000.0,38.284559834810935,-113.205924097095,441.67299899531605,-50000.00000000006,1948.1431909222465,60,
34.6,-50000.0,38.458898565331644,-112.97149737742066,442.58951293668076,-50000.00000000012,1939.1845218042865,60,
34.7,-50000.0,38.63287867023224,-112.73910797558514,443.5018237932846,-50000.000000000044,1930.3216302134047,60,
34.8,-50000.0,38.80650325188443,-112.5087289106236,444.40996253472764,-50000.000000000065,1921.5530043179483,60,
34.9,-50000.0,38.97977537175911,-112.28033367879512,445.3139598163027,-50000.00000000003,1912.8771632691346,60,
35.0,-50000.0,39.152698051146466,-112.05389624300294,446.21384598326495,-50000.000000000065,1904.2926564215998,60,
35.1,-50000.0,39.325274271860195,-111.82939102249367,447.1096510750278,-49999.999999999985,1895.7980625796556,60,
35.2,-50000.0,39.497506976926296,-111.60679288283183,448.00140482928765,-50000.0,1887.3919892638837,60,
35.3,-45000.0,39.65324613246011,-100.91897278592117,445.9022794005074,-45000.00000000002,1542.5082440014796,60,
35.4,-45000.0,39.80870121407747,-100.73489288804986,446.71710774547677,-45000.00000000003,1536.2492645932637,60,
35.5,-45000.0,39.96387447968831,-100.55227611581991,447.5284074939017,-44999.99999999997,1530.0508851701895,60,
35.6,-45000.0,40.11876815992342,-100.3711047923534,448.336202865312,-45000.000000000044,1523.912236626291,60,
35.7,-45000.0,40.27339230088661,-100.19644334414768,449.1177380961227,-44999.99999999991,1517.5552610650025,60,
35.8,-5000.0,40.29156003339973,-11.77269066850241,424.7117452408203,-4999.999999999977,20.933967501861037,60,
35.9,-5000.0,40.30971995173212,-11.767627079387168,424.8944979534811,-5000.0,20.91403971215155,60,
36.0,-5000.0,40.32787208702533,-11.762583669994296,425.0766787533876,-5000.000000000008,20.894195496479167,60,
36.1,-5000.0,40.34601647026152,-11.757560337047094,425.2582897019358,-4999.999999999963,20.874434368589355,60,
36.2,-5000.0,40.36415313226446,-11.752556977907966,425.43933285316893,-5000.000000000021,20.854755845702847,60,
36.3,-5000.0,40.382282103700526,-11.747573490572327,425.6198102538037,-5000.000000000008,20.835159448481033,60,
36.4,-5000.0,40.40040341507964,-11.742609773665079,425.7997239432563,-4999.999999999974,20.815644701007976,60,
36.5,0.0,40.40040341507964,-6.160072567405074e-14,422.6310316128407,-2.6034378239723666e-11,7.525475160843449e-28,60,
36.6,0.0,40.40040341507964,-1.232014513481015e-14,422.69951389622736,-5.207719359615221e-12,3.01019006433738e-29,60,
36.7,0.0,40.40040341507964,-2.46402902696203e-14,422.76781728226393,-1.041712173448878e-11,1.204076025734952e-28,60,
36.8,0.0,40.40040341507964,-4.92805805392406e-14,422.83594223828675,-2.0837600706359575e-11,4.816304102939466e-28,60,
36.9,0.0,40.40040341507964,1.232014513481015e-14,422.9038892304113,5.210237293394343e-12,3.01019006433738e-29,60,
37.0,0.0,40.40040341507964,4.92805805392406e-14,422.97165872353565,2.0844288893541387e-11,4.816304102939808e-28,60,
37.1,0.0,40.40040341507964,2.46402902696203e-14,423.0392511813431,1.0423809944551106e-11,1.204076025734952e-28,60,
37.2,0.0,40.40040341507964,3.696043540443045e-14,423.1066670663058,1.5638206637288057e-11,2.7091710579036423e-28,60,
37.3,0.0,40.40040341507964,7.39208708088609e-14,423.1739068396879,3.1281383697177506e-11,1.08366842316138e-27,60,
37.4,0.0,40.40040341507964,-4.92805805392406e-14,423.2409709615484,-2.0857560756976976e-11,4.816304102939808e-28,60,
37.5,0.0,40.40040341507964,3.696043540443045e-14,423.30785989074445,1.5645642811679555e-11,2.7091710579036423e-28,60,
37.6,0.0,40.40040341507964,7.39208708088609e-14,423.3745740849347,3.129621719468896e-11,1.083668423161457e-27,60,
37.7,0.0,40.40040341507964,6.160072567405074e-14,423.44111400058216,2.608427990266431e-11,7.525475160843449e-28,60,
37.8,0.0,40.40040341507964,6.160072567405074e-14,423.50748009295745,2.608836810211478e-11,7.525475160842915e-28,60,
37.9,0.0,40.40040341507964,1.232014513481015e-14,423.5736728161418,5.218489124379456e-12,3.01019006433738e-29,60,
38.0,0.0,40.40040341507964,8.624101594367104e-14,423.63969262303027,3.653511748587465e-11,1.4749931315253162e-27,60,
38.1,0.0,40.40040341507964,0.0,423.7055399653349,0.0,0.0,60,
38.2,0.0,40.40040341507964,-4.92805805392406e-14,423.7712152935876,-2.088369150548751e-11,4.816304102939808e-28,60,
38.3,0.0,40.40040341507964,6.160072567405074e-14,423.83671905714334,2.6108649461228804e-11,7.525475160842915e-28,60,
38.4,0.0,40.40040341507964,6.160072567405074e-14,423.9020517041834,2.6112673999696677e-11,7.525475160843449e-28,60,
38.5,0.0,40.40040341507964,-7.39208708088609e-14,423.9672136817181,-3.1340025629759006e-11,1.083668423161457e-27,60,
38.6,0.0,40.40040341507964,2.46402902696203e-14,424.03220543559,1.0448276625600205e-11,1.204076025734952e-28,60,
38.7,0.0,40.40040341507964,9.85611610784812e-14,424.0970274104772,4.17994954315091e-11,1.926521641175923e-27,60,
38.8,0.0,40.40040341507964,3.696043540443045e-14,424.161680049896,1.5677200376518876e-11,2.70917105790345e-28,60,
38.9,0.0,40.40040341507964,-6.160072567405074e-14,424.2261637962041,-2.6132639539764885e-11,7.525475160843449e-28,60,
39.0,0.0,40.40040341507964,7.39208708088609e-14,424.2904790906035,3.13639216902862e-11,1.083668423161457e-27,60,
39.1,0.0,40.40040341507964,4.92805805392406e-14,424.354626373144,2.0912442342181077e-11,4.816304102939808e-28,60,
39.2,0.0,40.40040341507964,9.85611610784812e-14,424.41860608272555,4.183119059882397e-11,1.926521641175923e-27,60,
39.3,0.0,40.40040341507964,6.160072567405074e-14,424.48241865710156,2.6148425025153674e-11,7.525475160842915e-28,60,
39.4,0.0,40.40040341507964,-3.696043540443045e-14,424.5460645328821,-1.569140739437275e-11,2.7091710579036423e-28,60,
39.5,0.0,40.40040341507964,0.0,424.6095441455364,0.0,0.0,60,
39.6,0.0,40.40040341507964,0.0,424.6728579293964,0.0,0.0,60,
39.7,0.0,40.40040341507964,-4.92805805392406e-14,424.73600631765913,-2.0931236967252804e-11,4.816304102939808e-28,60,
39.8,0.0,40.40040341507964,6.160072567405074e-14,424.7989897423902,2.6167926033734875e-11,7.525475160842915e-28,60,
39.9,0.0,40.40040341507964,0.0,424.8618086345264,0.0,0.0,60,
40.0,0.0,40.40040341507964,-3.696043540443045e-14,424.924463423879,-1.570539318214055e-11,2.7091710579036423e-28,60,
40.1,0.0,40.40040341507964,-3.696043540443045e-14,424.98695453913604,-1.5707702880969358e-11,2.7091710579036423e-28,60,
40.2,0.0,40.40040341507964,4.92805805392406e-14,425.04928240786603,2.0946675394847262e-11,4.816304102939808e-28,60,
40.3,0.0,40.40040341507964,3.696043540443045e-14,425.1114474565205,1.5712304193400655e-11,2.70917105790345e-28,60,
40.4,0.0,40.40040341507964,1.232014513481015e-14,425.17345011043693,5.2381986128285454e-12,3.01019006433738e-29,60,
40.5,0.0,40.40040341507964,4.92805805392406e-14,425.2352907938416,2.095584199609331e-11,4.816304102939808e-28,60,
40.6,0.0,40.40040341507964,-1.232014513481015e-14,425.29696992985265,-5.239720394930773e-12,3.01019006433738e-29,60,
40.7,0.0,40.40040341507964,-7.39208708088609e-14,425.3584879404829,-3.1442869834500856e-11,1.083668423161457e-27,60,
40.8,0.0,40.40040341507964,-1.232014513481015e-14,425.41984524664264,-5.241234236667111e-12,3.0101900643371663e-29,60,
40.9,0.0,40.40040341507964,-8.624101594367104e-14,425.48104226814286,-3.669391734997668e-11,1.4749931315253162e-27,60,
41.0,0.0,40.40040341507964,4.92805805392406e-14,425.5420794236975,2.0970960717875443e-11,4.816304102939808e-28,60,
41.1,0.0,40.40040341507964,0.0,425.60295713092705,0.0,0.0,60,
41.2,0.0,40.40040341507964,-2.46402902696203e-14,425.6636758063609,-1.0488476529102284e-11,1.204076025734952e-28,60,
41.3,0.0,40.40040341507964,3.696043540443045e-14,425.72423586544016,1.5734953119805114e-11,2.70917105790345e-28,60,
41.4,0.0,40.40040341507964,-3.696043540443045e-14,425.78463772252104,-1.5737185598742058e-11,2.7091710579036423e-28,60,
41.5,0.0,40.40040341507964,8.624101594367104e-14,425.8448817908769,3.6725295240057724e-11,1.4749931315253162e-27,60,
41.6,0.0,40.40040341507964,4.92805805392406e-14,425.904968482702,2.0988844101374524e-11,4.816304102939808e-28,60,
41.7,0.0,40.40040341507964,0.0,425.96489820911324,0.0,0.0,60,
41.8,0.0,40.40040341507964,-6.160072567405074e-14,426.0246713801541,-2.6243428912066487e-11,7.525475160842915e-28,60,
41.9,0.0,40.40040341507964,0.0,426.0842884047964,0.0,0.0,60,
42.0,0.0,40.40040341507964,3.696043540443045e-14,426.143749690944,1.5750458533453915e-11,2.7091710579036423e-28,60,
42.1,0.0,40.40040341507964,-3.696043540443045e-14,426.20305564543503,-1.5752650507353977e-11,2.7091710579036423e-28,60,
42.2,0.0,40.40040341507964,9.85611610784812e-14,426.2622066740447,4.2012898013669364e-11,1.926521641175923e-27,60,
42.3,0.0,40.40040341507964,-6.160072567405074e-14,426.3212031814886,-2.626169548621413e-11,7.525475160842915e-28,60,
42.4,0.0,40.40040341507964,-3.696043540443045e-14,426.38004557142455,-1.5759192132080747e-11,2.7091710579036423e-28,60,
42.5,0.0,40.40040341507964,1.232014513481015e-14,426.4387342464562,5.253787097021075e-12,3.01019006433738e-29,60,
42.6,0.0,40.40040341507964,0.0,426.4972696081355,0.0,0.0,60,
42.7,0.0,40.40040341507964,6.160072567405074e-14,426.55565205696536,2.6276137707076962e-11,7.525475160843449e-28,60,
42.8,0.0,40.40040341507964,2.46402902696203e-14,426.6138819924023,1.0511889885342332e-11,1.2040760257348665e-28,60,
42.9,0.0,40.40040341507964,8.624101594367104e-14,426.67195981285954,3.679662328893819e-11,1.4749931315253162e-27,60,
43.0,0.0,40.40040341507964,9.85611610784812e-14,426.7298859157095,4.2058993022740147e-11,1.926521641175923e-27,60,
43.1,0.0,40.40040341507964,-9.85611610784812e-14,426.78766069728647,-4.206468737229343e-11,1.926521641175923e-27,60,
43.2,0.0,40.40040341507964,-3.696043540443045e-14,426.84528455288927,-1.5776387567402797e-11,2.7091710579036423e-28,60,
43.3,0.0,40.40040341507964,-2.46402902696203e-14,426.9027578767843,-1.0519007870985398e-11,1.2040760257348665e-28,60,
43.4,0.0,40.40040341507964,-4.92805805392406e-14,426.9600810622079,-2.104084066182683e-11,4.816304102939808e-28,60,
43.5,0.0,40.40040341507964,0.0,427.01725450136917,0.0,0.0,60,
43.6,0.0,40.40040341507964,-4.92805805392406e-14,427.07427858545265,-2.1046468382068474e-11,4.816304102939808e-28,60,
43.7,0.0,40.40040341507964,8.624101594367104e-14,427.13115370462094,3.683622463667882e-11,1.4749931315253162e-27,60,
43.8,0.0,40.40040341507964,-2.46402902696203e-14,427.1878802480175,-1.0526033368974947e-11,1.2040760257348665e-28,60,
43.9,0.0,40.40040341507964,7.39208708088609e-14,427.2444586037691,3.1582282428250934e-11,1.083668423161457e-27,60,
44.0,0.0,40.40040341507964,-2.46402902696203e-14,427.30088915898875,-1.0528817941344333e-11,1.204076025734952e-28,60,
44.1,0.0,40.40040341507964,-8.624101594367104e-14,427.357172299778,-3.685571670994733e-11,1.4749931315253162e-27,60,
44.2,0.0,40.40040341507964,-2.46402902696203e-14,427.41330841122993,-1.053158798435145e-11,1.204076025734952e-28,60,
44.3,0.0,40.40040341507964,0.0,427.4692978774316,0.0,0.0,60,
44.4,0.0,40.40040341507964,8.624101594367104e-14,427.52514108146676,3.6870202508326983e-11,1.4749931315253162e-27,60,
44.5,0.0,40.40040341507964,-8.624101594367104e-14,427.5808384054184,-3.6875005902129915e-11,1.4749931315253162e-27,60,
44.6,0.0,40.40040341507964,-8.624101594367104e-14,427.6363902303712,-3.687979674795137e-11,1.4749931315253162e-27,60,
44.7,0.0,40.40040341507964,-1.232014513481015e-14,427.6917969364146,-5.269225011224379e-12,3.01019006433738e-29,60,
44.8,0.0,40.40040341507964,4.92805805392406e-14,427.74705890264505,2.1079623386675092e-11,4.816304102939466e-28,60,
44.9,0.0,40.40040341507964,4.92805805392406e-14,427.80217650716867,2.108233961422395e-11,4.816304102939808e-28,60,
45.0,0.0,40.40040341507964,-3.696043540443045e-14,427.85715012710375,-1.5813786559596518e-11,2.7091710579036423e-28,60,
45.1,0.0,40.40040341507964,6.160072567405074e-14,427.9119801385835,2.6359688501156732e-11,7.525475160843449e-28,60,
45.2,0.0,40.40040341507964,6.160072567405074e-14,427.9666669167586,2.6363057246377093e-11,7.525475160843449e-28,60,
45.3,0.0,40.40040341507964,2.46402902696203e-14,428.02121083579965,1.0546566876548453e-11,1.2040760257348665e-28,60,
45.4,0.0,40.40040341507964,0.0,428.0756122688998,0.0,0.0,60,
45.5,0.0,40.40040341507964,-6.160072567405074e-14,428.1298715882774,-2.637311077257605e-11,7.525475160843449e-28,60,
45.6,-50000.0,40.568421358491584,-108.87562733093813,459.2396041771594,-49999.99999999994,1789.295559969274,60,
45.7,-45000.0,40.720338412789204,-98.44225118485343,457.1207937484041,-44999.99999999997,1461.5511454361317,60,
45.8,-45000.0,40.87201154418877,-98.28418914692658,457.855941943305,-45000.00000000003,1455.73937617096,60,
45.9,-50000.0,41.03920649199397,-108.34232617776726,461.50015200855375,-49999.999999999905,1767.5767071667026,60,
46.0,0.0,41.03920649199397,-6.173213369023375e-14,431.4726374968088,-2.6635726541630762e-11,7.43729831628155e-28,60,
46.1,0.0,41.03920649199397,-7.407856042828049e-14,431.5220136236959,-3.196652956235623e-11,1.0709709575445432e-27,60,
46.2,0.0,41.03920649199397,8.642498716632725e-14,431.57125820239696,3.729854045149786e-11,1.4577104699911839e-27,60,
46.3,0.0,41.03920649199397,3.7039280214140246e-14,431.6203715833836,1.5986907889208282e-11,2.6774273938611675e-28,60,
46.4,0.0,41.03920649199397,4.9385706952186997e-14,431.6693541161934,2.1318296222622164e-11,4.759870922420192e-28,60,
46.5,0.0,41.03920649199397,-4.9385706952186997e-14,431.71820614943306,-2.1320708814819754e-11,4.759870922420192e-28,60,
46.6,0.0,41.03920649199397,-1.2346426738046749e-14,431.76692803078026,-5.330778744843532e-12,2.97491932651262e-29,60,
46.7,0.0,41.03920649199397,-8.642498716632725e-14,431.8155201069865,-3.731965078346724e-11,1.4577104699911839e-27,60,
46.8,0.0,41.03920649199397,7.407856042828049e-14,431.8639827238794,3.199186214100878e-11,1.070970957544467e-27,60,
46.9,0.0,41.03920649199397,-4.9385706952186997e-14,431.9123162263654,-2.1330295078195604e-11,4.759870922420192e-28,60,
47.0,0.0,41.03920649199397,-9.877141390437399e-14,431.96052095843186,-4.266535140593429e-11,1.9039483689680767e-27,60,
47.1,0.0,41.03920649199397,-3.7039280214140246e-14,432.0085972631496,-1.600128748894746e-11,2.677427393861358e-28,60,
47.2,0.0,41.03920649199397,-1.2346426738046749e-14,432.05654548267574,-5.3343544854954194e-12,2.97491932651262e-29,60,
47.3,0.0,41.03920649199397,2.4692853476093498e-14,432.1043659582555,1.0669889794987487e-11,1.1899677306049632e-28,60,
47.4,0.0,41.03920649199397,-4.9385706952186997e-14,432.1520590302253,-2.1342134946050924e-11,4.759870922420192e-28,60,
47.5,0.0,41.03920649199397,-8.642498716632725e-14,432.1996250380145,-3.7352847047201854e-11,1.4577104699911839e-27,60,
47.6,0.0,41.03920649199397,-1.2346426738046749e-14,432.24706432014824,-5.336706712364491e-12,2.97491932651262e-29,60,
47.7,0.0,41.03920649199397,2.4692853476093498e-14,432.2943772142499,1.0674581715090565e-11,1.189967730605048e-28,60,
47.8,0.0,41.03920649199397,-7.407856042828049e-14,432.34156405704323,-3.202724067865698e-11,1.070970957544467e-27,60,
47.9,0.0,41.03920649199397,-4.9385706952186997e-14,432.3886251843549,-2.1353817932813573e-11,4.759870922420192e-28,60,
48.0,0.0,41.03920649199397,3.7039280214140246e-14,432.4355609311169,1.6017101915886557e-11,2.677427393861358e-28,60,
48.1,0.0,41.03920649199397,-2.4692853476093498e-14,432.4823716313689,-1.0679223833686808e-11,1.189967730605048e-28,60,
48.2,0.0,41.03920649199397,-7.407856042828049e-14,432.5290576182606,-3.2041129931761535e-11,1.0709709575445432e-27,60,
48.3,0.0,41.03920649199397,-1.2346426738046749e-14,432.575619224054,-5.3407631914149895e-12,2.974919326512408e-29,60,
48.4,0.0,41.03920649199397,0.0,432.6220567801261,0.0,0.0,60,
48.5,0.0,41.03920649199397,-4.9385706952186997e-14,432.66837061697095,-2.136763335876996e-11,4.759870922420192e-28,60,
48.6,0.0,41.03920649199397,4.9385706952186997e-14,432.71456106420203,2.1369914506660906e-11,4.759870922420192e-28,60,
48.7,0.0,41.03920649199397,-8.642498716632725e-14,432.7606284505548,-3.7401331759930913e-11,1.4577104699911839e-27,60,
48.8,0.0,41.03920649199397,4.9385706952186997e-14,432.80657310388875,2.137445858628895e-11,4.759870922419853e-28,60,
48.9,0.0,41.03920649199397,-7.407856042828049e-14,432.85239535119,-3.206508232554909e-11,1.0709709575445432e-27,60,
49.0,0.0,41.03920649199397,8.642498716632725e-14,432.89809551857337,3.7413212349520214e-11,1.4577104699911839e-27,60,
49.1,0.0,41.03920649199397,-6.173213369023375e-14,432.94367393128516,-2.6726536759467063e-11,7.43729831628155e-28,60,
49.2,0.0,41.03920649199397,-2.4692853476093498e-14,432.9891309137047,-1.0691737166393175e-11,1.189967730605048e-28,60,
49.3,0.0,41.03920649199397,0.0,433.0344667893474,0.0,0.0,60,
49.4,0.0,41.03920649199397,7.407856042828049e-14,433.0796818808667,3.208191938447228e-11,1.0709709575445432e-27,60,
49.5,0.0,41.03920649199397,-7.407856042828049e-14,433.12477651005656,-3.2085259929685706e-11,1.0709709575445432e-27,60,
49.6,0.0,41.03920649199397,1.2346426738046749e-14,433.1697509978532,5.3480985958329474e-12,2.97491932651262e-29,60,
49.7,0.0,41.03920649199397,7.407856042828049e-14,433.21460566433825,3.209191434411938e-11,1.0709709575445432e-27,60,
49.8,0.0,41.03920649199397,1.2346426738046749e-14,433.2593408287404,5.34920471011647e-12,2.974919326512408e-29,60,
49.9,0.0,41.03920649199397,-3.7039280214140246e-14,433.3039568094378,-1.604926667416049e-11,2.677427393861358e-28,60,
50.0,0.0,41.03920649199397,-2.4692853476093498e-14,433.3484539239604,-1.0700609876836008e-11,1.189967730605048e-28,60,
50.1,0.0,41.03920649199397,0.0,433.39283248899227,0.0,0.0,60,
50.2,0.0,41.03920649199397,8.642498716632725e-14,433.4370928203736,3.7459795184410984e-11,1.4577104699911839e-27,60,
50.3,0.0,41.03920649199397,3.7039280214140246e-14,433.48123523310335,1.605583293937056e-11,2.6774273938611675e-28,60,
50.4,0.0,41.03920649199397,8.642498716632725e-14,433.525260041341,3.746741503535158e-11,1.4577104699911839e-27,60,
50.5,0.0,41.03920649199397,-4.9385706952186997e-14,433.5691675584094,-2.1412119852543268e-11,4.759870922420192e-28,60,
50.6,0.0,41.03920649199397,4.9385706952186997e-14,433.6129580967961,2.1414282479239312e-11,4.759870922420192e-28,60,
50.7,0.0,41.03920649199397,6.173213369023375e-14,433.65663196815666,2.6770549180314742e-11,7.43729831628155e-28,60,
50.8,0.0,41.03920649199397,1.2346426738046749e-14,433.700189483316,5.3546476157327546e-12,2.974919326512408e-29,60,
50.9,0.0,41.03920649199397,-8.642498716632725e-14,433.74363095227113,-3.748628773852621e-11,1.4577104699911839e-27,60,
51.0,0.0,41.03920649199397,5.5558920321210375e-14,433.78695668419294,2.4100734962797414e-11,6.024211636188057e-28,60,
51.1,-35000.0,41.157728293108775,-76.80212712239137,455.7165447283023,-35000.00000000003,887.4820674141887,60,
51.2,-50000.0,41.32363730884337,-107.50904219601566,465.07715982473036,-50000.00000000005,1737.9664960938971,60,
51.3,-50000.0,41.48926933020955,-107.32954984529589,465.8549306511551,-50000.00000000001,1730.706672128085,60,
51.4,-50000.0,41.6546263007709,-107.15131692375179,466.62982253012956,-49999.99999999996,1723.5092516444463,60,
51.5,-50000.0,41.81971014495524,-106.97433103144749,467.40184788163225,-49999.99999999999,1716.3734664022304,60,
51.6,-50000.0,41.984522768303826,-106.79857992988521,468.17101906060634,-49999.99999999998,1709.2985602020742,60,
51.7,-50000.0,42.14906605771644,-106.62405153936987,468.93734835744783,-49999.99999999996,1702.2837886561097,60,
51.8,-50000.0,42.313341881692395,-106.45073393642438,469.70084799848865,-50000.00000000003,1695.3284189637818,60,
51.9,-60000.0,42.50783170906779,-126.02940813925393,476.0793602529982,-60000.000000000015,2374.299621561984,60,
52.0,-60000.0,42.701962551190164,-125.79678569529723,476.95972252686164,-60000.000000000044,2363.189434852728,60,
52.1,-60000.0,42.895737108828435,-125.56591334959622,477.83668672046394,-59999.99999999993,2352.1827130240067,60,
52.2,-60000.0,43.089158054232946,-125.33677262212144,478.71026790273515,-59999.999999999956,2341.278080205395,60,
52.3,-60000.0,43.28222803153485,-125.10934529164062,479.580481059467,-59999.99999999997,2330.474183797953,60,
52.4,-60000.0,43.47494965713853,-124.88361339118299,480.4473410939604,-59999.99999999998,2319.769693997629,60,
52.5,-60000.0,43.66732552010705,-124.6595592035973,481.31086282766665,-60000.00000000001,2309.1633033276025,60,
52.6,-30000.0,43.76685419638744,-64.49458222969254,465.15535046272925,-29999.99999999994,617.4756028847486,60,
52.7,-30000.0,43.866281439050425,-64.4288532456143,465.6298923346445,-30000.0,615.9017411476188,60,
52.8,0.0,43.866281439050425,1.8696145685955043e-14,447.8376166304379,8.37283732417355e-12,6.333357449383862e-29,60,
52.9,0.0,43.866281439050425,4.985638849588011e-14,447.85892746457836,2.232862867902221e-11,4.503720852895511e-28,60,
53.0,0.0,43.866281439050425,-8.72486798677902e-14,447.8801760864203,-3.9076954102493586e-11,1.3792645111992503e-27,60,
53.1,0.0,43.866281439050425,7.478458274382017e-14,447.9013626775786,3.349611651823119e-11,1.01333719190149e-27,60,
53.2,0.0,43.866281439050425,7.790060702481268e-14,447.92248741913835,3.48934336700149e-11,1.0995412238514432e-27,60,
53.3,0.0,43.866281439050425,-9.03647041487827e-14,447.94355049165597,-4.04782864155338e-11,1.4795426708143967e-27,60,
53.4,0.0,43.866281439050425,-7.166855846282767e-14,447.96455207516044,-3.210497368967305e-11,9.306516918678614e-28,60,
53.5,0.0,43.866281439050425,1.8696145685955043e-14,447.98549234915555,8.37560203015411e-12,6.333357449384312e-29,60,
53.6,0.0,43.866281439050425,8.101663130580519e-14,448.00637149262093,3.629596702186926e-11,1.1892637877177208e-27,60,
53.7,0.0,43.866281439050425,-4.6740364214887606e-14,448.0271896840138,-2.0940954024003343e-11,3.958348405865195e-28,60,
53.8,0.0,43.866281439050425,8.101663130580519e-14,448.04794710127027,3.629933533762652e-11,1.1892637877176363e-27,60,
53.9,0.0,43.866281439050425,-1.8696145685955043e-14,448.0686439218071,-8.37715664407042e-12,6.333357449384312e-29,60,
54.0,0.0,43.866281439050425,-6.855253418183516e-14,448.0892803225231,-3.071765570582368e-11,8.514847237505577e-28,60,
54.1,0.0,43.866281439050425,-4.36243399338951e-14,448.1098564798006,-1.954849670680377e-11,3.4481612779981257e-28,60,
54.2,0.0,43.866281439050425,8.413265558679769e-14,448.1303725695072,3.770239829337368e-11,1.2825048835003232e-27,60,
54.3,0.0,43.866281439050425,-5.6088437057865126e-14,448.15082876699694,-2.51360795517278e-11,5.700021704445476e-28,60,
54.4,0.0,43.866281439050425,-4.36243399338951e-14,448.1712252471119,-1.955117387877028e-11,3.4481612779981257e-28,60,
54.5,0.0,43.866281439050425,-7.478458274382017e-14,448.191562184184,-3.351781896724513e-11,1.01333719190149e-27,60,
54.6,0.0,43.866281439050425,-2.4928194247940056e-14,448.2118397520359,-1.1173111805565333e-11,1.1259302132238776e-28,60,
54.7,0.0,43.866281439050425,-8.72486798677902e-14,448.23205812398317,-3.9107655345740136e-11,1.3792645111992503e-27,60,
54.8,0.0,43.866281439050425,-3.7392291371910086e-14,448.25221747283507,-1.6761177523849055e-11,2.533342979753545e-28,60,
54.9,0.0,43.866281439050425,6.855253418183516e-14,448.27231797089667,3.073020340047037e-11,8.514847237505577e-28,60,
55.0,0.0,43.866281439050425,1.8696145685955043e-14,448.29235978996996,8.381339268533853e-12,6.333357449384312e-29,60,
55.1,0.0,43.866281439050425,-8.72486798677902e-14,448.3123431013553,-3.911466010402907e-11,1.3792645111992503e-27,60,
55.2,0.0,43.866281439050425,3.7392291371910086e-14,448.33226807585294,1.6764170799321595e-11,2.533342979753725e-28,60,
55.3,0.0,43.866281439050425,-7.166855846282767e-14,448.3521348837648,-3.213275119085069e-11,9.306516918677954e-28,60,
55.4,0.0,43.866281439050425,9.348072842977522e-15,448.3719436948952,4.191413590407296e-12,1.583339362346078e-29,60,
55.5,0.0,43.866281439050425,3.116024280992507e-14,448.3916946785533,1.3971994080137509e-11,1.759265958162309e-28,60,
55.6,-30000.0,43.96549025784322,-64.287314577731,466.6550500212038,-29999.999999999924,612.8844532249666,60,
55.7,-30000.0,44.064599482711124,-64.22277771440241,467.12398727768266,-29999.999999999953,611.3416548991416,60,
55.8,-30000.0,44.1636096354774,-64.15857899255032,467.5914035359705,-30000.000000000036,609.8080902441516,60,
55.9,-30000.0,44.2625212341805,-64.09471595960517,468.0573047379939,-30000.000000000076,608.2836781420561,60,
56.0,-30000.0,44.361334793109364,-64.03118618590418,468.5216968009919,-30000.00000000006,606.7683383777847,60,
56.1,-30000.0,44.46005082283841,-63.96798726442224,468.98458561764767,-30000.00000000003,605.2619916273032,60,
56.2,0.0,44.46005082283841,1.2489096974404984e-14,451.32671830025475,5.6366631519918426e-12,2.780354268584658e-29,60,
56.3,0.0,44.46005082283841,4.3711839410417446e-14,451.3412810653698,1.9728957597221528e-11,3.405933979015964e-28,60,
56.4,0.0,44.46005082283841,-4.683411365401869e-14,451.3558004506423,-2.113884885670596e-11,3.9098731901971745e-28,60,
56.5,0.0,44.46005082283841,-9.366822730803739e-15,451.3702765852928,-4.227905366728291e-12,1.56394927607887e-29,60,
56.6,0.0,44.46005082283841,9.054595306443613e-14,451.3847095981571,4.087105872927886e-11,1.4614237124248105e-27,60,
56.7,0.0,44.46005082283841,6.556775911562617e-14,451.3990996176873,2.959722742874306e-11,7.663351452786463e-28,60,
56.8,0.0,44.46005082283841,-3.7467290923214954e-14,451.41344677195275,-1.691323893685596e-11,2.502318841726014e-28,60,
56.9,0.0,44.46005082283841,9.366822730803739e-15,451.4277511886412,4.228443721149378e-12,1.56394927607887e-29,60,
57.0,0.0,44.46005082283841,-3.7467290923214954e-14,451.4420129950603,-1.691430923584771e-11,2.502318841726192e-28,60,
57.1,0.0,44.46005082283841,9.366822730803739e-15,451.4562323181382,4.2287104988405504e-12,1.56394927607887e-29,60,
57.2,0.0,44.46005082283841,-9.679050155163863e-14,451.47040928442516,-4.369804735036308e-11,1.6699502825686605e-27,60,
57.3,0.0,44.46005082283841,5.3078662141221186e-14,451.48454402009435,2.396419557402589e-11,5.0220148976306815e-28,60,
57.4,0.0,44.46005082283841,1.561137121800623e-14,451.49863665094324,7.048512821181588e-12,4.3443035446635285e-29,60,
57.5,0.0,44.46005082283841,-1.2489096974404984e-14,451.51268730239445,-5.6389857368937985e-12,2.780354268584658e-29,60,
57.6,0.0,44.46005082283841,4.9956387897619937e-14,451.5266960994969,2.2556642776477224e-11,4.448566829735453e-28,60,
57.7,0.0,44.46005082283841,3.7467290923214954e-14,451.54066316692723,1.6918005390536673e-11,2.502318841726192e-28,60,
57.8,0.0,44.46005082283841,-1.8733645461607477e-14,451.5545886289906,-8.45926356993752e-12,6.255797104315035e-29,60,
57.9,0.0,44.46005082283841,-6.556775911562617e-14,451.5684726096218,-2.9608332836278916e-11,7.663351452786463e-28,60,
58.0,0.0,44.46005082283841,1.2489096974404984e-14,451.58231523238646,5.639855326863596e-12,2.780354268584658e-29,60,
58.1,0.0,44.46005082283841,-2.8100468192411214e-14,451.59611662048235,-1.269006231091029e-11,1.4075543484709828e-28,60,
58.2,0.0,44.46005082283841,4.0589565166816197e-14,451.6098768967399,1.8330648528278063e-11,2.936749196192544e-28,60,
58.3,0.0,44.46005082283841,7.805685609003115e-14,451.623596183624,3.525231805416748e-11,1.0860758861658047e-27,60,
58.4,0.0,44.46005082283841,-3.122274243601246e-14,451.6372746032345,-1.4101354299439424e-11,1.7377214178654114e-28,60,
58.5,0.0,44.46005082283841,-1.2489096974404984e-14,451.6509122773076,-5.640712042009774e-12,2.780354268584658e-29,60,
58.6,0.0,44.46005082283841,-5.932321062842367e-14,451.66450932721693,-2.679418882020212e-11,6.2731743184941325e-28,60,
58.7,0.0,44.46005082283841,-8.742367882083489e-14,451.67806587397456,-3.9487358161382256e-11,1.3623735916064823e-27,60,
58.8,0.0,44.46005082283841,3.122274243601246e-15,451.6915820382319,1.4103049926494707e-12,1.7377214178652877e-30,60,
58.9,0.0,44.46005082283841,3.4345016679613705e-14,451.7050579402812,1.5513817749224833e-11,2.102642915617147e-28,60,
59.0,0.0,44.46005082283841,8.117913033363239e-14,451.7184937000564,3.667011447418898e-11,1.1746996784770176e-27,60,
59.1,0.0,44.46005082283841,-5.3078662141221186e-14,451.73188943713393,-2.3977324337849117e-11,5.0220148976310385e-28,60,
59.2,0.0,44.46005082283841,6.244548487202493e-14,451.7452452707342,2.820945087956282e-11,6.950885671461646e-28,60,
59.3,0.0,44.46005082283841,-4.3711839410417446e-14,451.75856131972245,-1.974719768468893e-11,3.405933979015964e-28,60,
59.4,0.0,44.46005082283841,-8.117913033363239e-14,451.7718377026099,-3.667444489392479e-11,1.1746996784770176e-27,60,
59.5,0.0,44.46005082283841,7.181230760282865e-14,451.7850745375545,3.2443728743057734e-11,9.192546300508024e-28,60,
59.6,0.0,44.46005082283841,-1.561137121800623e-14,451.7982719423627,-7.053190538945953e-12,4.3443035446635285e-29,60,
59.7,0.0,44.46005082283841,-7.181230760282865e-14,451.8114300344896,-3.244562139211066e-11,9.192546300508024e-28,60,
59.8,0.0,44.46005082283841,8.742367882083489e-14,451.82454893104045,3.950016424911588e-11,1.3623735916063856e-27,60,
59.9,0.0,44.46005082283841,-3.4345016679613705e-14,451.83762874877203,-1.551837089585368e-11,2.102642915617147e-28,60,
60.0,0.0,44.46005082283841,9.366822730803739e-15,451.85066960409284,4.232405122976506e-12,1.56394927607887e-29,60,
60.1,-50000.0,44.62036180165116,-103.88151427065696,481.3175890922039,-49999.999999999985,1595.4121456814223,60,
60.2,-50000.0,44.78043445405181,-103.72707875561834,482.0342055308464,-50000.00000000002,1589.3531387550029,60,
60.3,-50000.0,44.94027035376244,-103.57366301249449,482.7482059215024,-49999.999999999985,1583.3421662007397,60,
60.4,-50000.0,45.099871060032136,-103.42125766275832,483.45960134272184,-50000.00000000005,1577.3786781623448,60,
60.5,-50000.0,45.25923811781223,-103.2698534415026,484.1684028177945,-50000.00000000004,1571.462132790831,60,
60.6,-50000.0,45.41837305792907,-103.11944119571135,484.87462131514604,-50000.00000000001,1565.591996103787,60,
60.7,-50000.0,45.577277397254015,-102.97001188256101,485.57826774872916,-50000.00000000004,1559.7677418458707,60,
60.8,-50000.0,45.735952638870906,-102.82155656775286,486.2793529784121,-50000.00000000006,1553.9888513527555,60,
60.9,-40000.0,45.864170345394086,-83.08507382702176,481.4342475433991,-39999.999999999985,1013.8341916259959,60,
61.0,-40000.0,45.99223631344187,-82.9867472949629,482.0046730814327,-40000.00000000006,1010.7607876709461,60,
61.1,-40000.0,46.12015142013264,-82.8889891356193,482.57314291230847,-39999.99999999999,1007.7080385353707,60,
61.2,-40000.0,46.24791653556037,-82.79179479716493,483.13966496314845,-40000.0,1004.675741280089,60,
61.3,-40000.0,46.37553252286781,-82.69515977522231,483.70424712553813,-39999.99999999999,1001.6636954981105,60,
61.4,-20000.0,46.440802230374445,-42.294770464300804,472.87169975023767,-20000.00000000007,261.84583674929553,60,
61.5,-20000.0,46.506031599134865,-42.26863095675341,473.16413016694884,-19999.999999999996,261.43311057597623,60,
61.6,-20000.0,46.57122079629934,-42.24259976257746,473.45570851247334,-19999.99999999995,261.0221985387208,60,
61.7,-20000.0,46.63636998805441,-42.21667625728278,473.74643797425614,-20000.00000000007,260.6130884484335,60,
61.8,-20000.0,46.70147933962975,-42.19085982082071,474.03632172791623,-19999.99999999998,260.2057682181775,60,
61.9,-20000.0,46.766549015304975,-42.1651498375472,474.32536293729447,-19999.999999999978,259.80022586225425,60,
62.0,-20000.0,46.83157917841637,-42.13954569618163,474.6135647545006,-19999.999999999935,259.3964494949609,60,
62.1,0.0,46.83157917841637,-8.02609643530608e-14,463.00213656004536,-3.716099797783679e-11,1.0727718940163753e-27,60,
62.2,0.0,46.83157917841637,-5.1933565169627575e-14,462.99409212691893,-2.4044933856625896e-11,4.491536303667176e-28,60,
62.3,0.0,46.83157917841637,3.147488798159247e-15,462.9860737696386,1.4572434808936683e-12,1.6497837662688183e-30,60,
62.4,0.0,46.83157917841637,6.924475355950343e-14,462.97808140368005,3.205880315024954e-11,7.984953428741646e-28,60,
62.5,0.0,46.83157917841637,8.970343074753854e-14,462.97011494479307,4.1530007644130204e-11,1.3400368641519428e-27,60,
62.6,0.0,46.83157917841637,1.0071964154109591e-13,462.9621743090004,4.6629384243488877e-11,1.6893785766593897e-27,60,
62.7,0.0,46.83157917841637,-4.7212331972388705e-14,462.9542594125972,-2.18571501834189e-11,3.7120134741051046e-28,60,
62.8,0.0,46.83157917841637,6.767100916042382e-14,462.9463701721496,3.132804805670449e-11,7.626125459577613e-28,60,
62.9,0.0,46.83157917841637,-2.8327399183433226e-14,462.9385065044946,-1.3113843871135219e-11,1.3363248506778379e-28,60,
63.0,0.0,46.83157917841637,7.711347555490156e-14,462.93066832673856,3.5698192775628197e-11,9.902827057029286e-28,60,
63.1,0.0,46.83157917841637,4.0917354376070214e-14,462.9228555562565,1.8941578529577712e-11,2.788134564994501e-28,60,
63.2,0.0,46.83157917841637,-3.6196121178831344e-14,462.9150681106913,-1.675572990084155e-11,2.1818390308906674e-28,60,
63.3,0.0,46.83157917841637,-2.990114358251285e-14,462.90730590795295,-1.3841457819347899e-11,1.4889298490576086e-28,60,
63.4,0.0,46.83157917841637,1.1016210793557366e-14,462.89956886621724,5.099399226877073e-12,2.0209851136794462e-29,60,
63.5,0.0,46.83157917841637,7.711347555490156e-14,462.8918569039254,3.5695199891923837e-11,9.902827057029286e-28,60,
63.6,0.0,46.83157917841637,2.203242158711473e-14,462.8841699397831,1.0198459178114961e-11,8.083940454717785e-29,60,
63.7,0.0,46.83157917841637,0.0,462.87650789275926,0.0,0.0,60,
63.8,0.0,46.83157917841637,9.442466394477741e-14,462.8688706820856,4.370623756465457e-11,1.4848053896419364e-27,60,
63.9,0.0,46.83157917841637,-2.8327399183433226e-14,462.8612582272559,-1.3111655628349644e-11,1.3363248506778379e-28,60,
64.0,0.0,46.83157917841637,-5.1933565169627575e-14,462.85367044802445,-2.4037641258213802e-11,4.491536303667176e-28,60,
64.1,0.0,46.83157917841637,5.35073095687072e-14,462.8461072644058,2.4765649944067622e-11,4.7678750845168845e-28,60,
64.2,0.0,46.83157917841637,-9.127717514661817e-14,462.83856859667407,-4.2246597090408666e-11,1.3874681474322733e-27,60,
64.3,0.0,46.83157917841637,1.8884932788955483e-14,462.83105436536135,8.74053335433125e-12,5.939221558567746e-29,60,
64.4,0.0,46.83157917841637,7.239224235766269e-14,462.8235644912576,3.350483564948845e-11,8.72735612356329e-28,60,
64.5,0.0,46.83157917841637,3.4622376779751717e-14,462.8160988954096,1.6023793355691704e-11,1.9962383571852698e-28,60,
64.6,0.0,46.83157917841637,9.28509195456978e-14,462.8086574991198,4.297220942250318e-11,1.4357243225954392e-27,60,
64.7,0.0,46.83157917841637,-5.35073095687072e-14,462.8012402239461,-2.476324922944431e-11,4.7678750845175625e-28,60,
64.8,0.0,46.83157917841637,-2.67536547843536e-14,462.79384699170015,-1.2381426818738907e-11,1.1919687711292211e-28,60,
64.9,0.0,46.83157917841637,-3.9343609976990587e-14,462.78647772444754,-1.8207690682215907e-11,2.5777871347953942e-28,60,
65.0,0.0,46.83157917841637,5.0359820770547954e-14,462.7791323445062,2.3305474161219023e-11,4.223446441648175e-28,60,
65.1,0.0,46.83157917841637,-7.711347555490156e-14,462.77181077444607,-3.568594271765278e-11,9.902827057028583e-28,60,
65.2,0.0,46.83157917841637,-4.2491098775149835e-14,462.7645129370879,-1.9663372628843906e-11,3.0067309140253484e-28,60,
65.3,0.0,46.83157917841637,4.721233197238871e-15,462.7572387555026,2.184784837875073e-12,3.712013474104841e-30,60,
65.4,0.0,46.83157917841637,1.5737443990796236e-15,462.7499881530107,7.282502020299627e-13,4.124459415672632e-31,60,
65.5,0.0,46.83157917841637,-5.665479836686645e-14,462.74276105318097,-2.621659782319503e-11,5.345299402710971e-28,60,
65.6,0.0,46.83157917841637,-7.711347555490156e-14,462.7355573798301,-3.568314709239328e-11,9.902827057028583e-28,60,
65.7,0.0,46.83157917841637,-8.183470875214043e-14,462.7283770570217,-3.786724196781199e-11,1.1152538259978798e-27,60,
65.8,0.0,46.83157917841637,3.3048632380672096e-14,462.7212200090655,1.52923034948157e-11,1.8188866023113723e-28,60,
65.9,0.0,46.83157917841637,-5.98022871650257e-14,462.7140861605167,-2.767136065587366e-11,5.95571939623128e-28,60,
66.0,0.0,46.83157917841637,-8.498219755029967e-14,462.7069754361748,-3.932185559441866e-11,1.2026923656099684e-27,60,
66.1,0.0,46.83157917841637,9.914589714201628e-14,462.6998877610833,4.587479547958284e-11,1.6369979420802347e-27,60,
66.2,0.0,46.83157917841637,-5.665479836686645e-14,462.6928230605286,-2.6213768596290463e-11,5.345299402711731e-28,60,
66.3,0.0,46.83157917841637,-9.599840834385704e-14,462.6857812600392,-4.441709856429776e-11,1.5347113485715682e-27,60,
66.4,0.0,46.83157917841637,-8.340845315122006e-14,462.6787622853851,-3.8591319868145025e-11,1.1585606498624425e-27,60,
66.5,0.0,46.83157917841637,6.609726476134419e-14,462.67176606257686,3.058133821903685e-11,7.275546409245489e-28,60,
66.6,0.0,46.83157917841637,-8.970343074753854e-14,462.66479251786495,-4.1502619174950585e-11,1.3400368641518476e-27,60,
66.7,0.0,46.83157917841637,-2.203242158711473e-14,462.65784157773874,-1.0193472616225279e-11,8.08394045471836e-29,60,
66.8,0.0,46.83157917841637,6.924475355950343e-14,462.650913168926,3.2036148466461506e-11,7.984953428741079e-28,60,
66.9,0.0,46.83157917841637,7.868721995398119e-15,462.6440072183921,3.640417075638488e-12,1.0311148539181582e-29,60,
67.0,0.0,46.83157917841637,-5.0359820770547954e-14,462.63712365333896,-2.3298322628983983e-11,4.223446441648175e-28,60,
67.1,0.0,46.83157917841637,-5.665479836686645e-14,462.63026240120456,-2.6210224234750762e-11,5.345299402710971e-28,60,
67.2,0.0,46.83157917841637,6.137603156410532e-14,462.62342338966204,2.8393989836258358e-11,6.2733027712380735e-28,60,
67.3,0.0,46.83157917841637,-3.4622376779751717e-14,462.61660654661915,-1.6016886456427204e-11,1.9962383571852698e-28,60,
67.4,0.0,46.83157917841637,9.442466394477741e-14,462.6098118002171,4.368177601679222e-11,1.4848053896421473e-27,60,
67.5,0.0,46.83157917841637,-3.147488798159247e-15,462.60303907883014,-1.4560378834950422e-12,1.6497837662688183e-30,60,
67.6,0.0,46.83157917841637,-3.3048632380672096e-14,462.59628831106477,-1.528817467305578e-11,1.8188866023113723e-28,60,
67.7,0.0,46.83157917841637,-4.721233197238871e-15,462.58955942575875,-2.1839931846569957e-12,3.712013474105369e-30,60,
67.8,0.0,46.83157917841637,-1.5737443990796237e-14,462.5828523519806,-7.27987172999206e-12,4.1244594156720466e-29,60,
67.9,0.0,46.83157917841637,-2.67536547843536e-14,462.57616701902873,-1.2375603083896588e-11,1.1919687711293906e-28,60,
68.0,0.0,46.83157917841637,-7.239224235766269e-14,462.56950335643086,-3.348644359424241e-11,8.72735612356205e-28,60,
68.1,0.0,46.83157917841637,-4.721233197238871e-15,462.5628612939429,-2.1838671365507622e-12,3.712013474104841e-30,60,
68.2,0.0,46.83157917841637,-8.812968634845893e-14,462.5562407615487,-4.0764936416837536e-11,1.2934304727549376e-27,60,
68.3,0.0,46.83157917841637,6.845788135996362e-14,462.5496416894588,3.1665168493870655e-11,7.804508329305427e-28,60,
68.4,0.0,46.83157917841637,-5.0359820770547954e-14,462.54306400811026,-2.3293585802108522e-11,4.223446441648775e-28,60,
68.5,0.0,46.83157917841637,-7.868721995398118e-16,462.53650764816535,-3.6395711914057485e-13,1.0311148539180114e-31,60,
68.6,0.0,46.83157917841637,8.734281414891911e-14,462.5299725405114,4.0398669429910546e-11,1.2704366115123822e-27,60,
68.7,0.0,46.83157917841637,-2.2819293786654542e-14,462.52345861625946,-1.0554458685383979e-11,8.671675921451708e-29,60,
68.8,0.0,46.83157917841637,2.3606165986194353e-14,462.5169658067441,1.0918252266264979e-11,9.280033685262102e-29,60,
68.9,0.0,46.83157917841637,6.058915936456551e-14,462.51049404352227,2.8023122031386896e-11,6.113479968880759e-28,60,
69.0,0.0,46.83157917841637,9.127717514661817e-14,462.50404325837303,4.221606256251358e-11,1.3874681474320762e-27,60,
69.1,0.0,46.83157917841637,1.6524316190336048e-14,462.49761338329637,7.642456800821386e-12,4.547216505778431e-29,60,
69.2,0.0,46.83157917841637,-6.531039256180438e-14,462.49120435051276,-3.0205482112513677e-11,7.10335022864219e-28,60,
69.3,0.0,46.83157917841637,7.239224235766269e-14,462.4848160924623,3.348031289330459e-11,8.72735612356205e-28,60,
69.4,0.0,46.83157917841637,-8.262158095168024e-14,462.4784485418044,-3.821070057460418e-11,1.1368041264447693e-27,60,
69.5,0.0,46.83157917841637,-3.7769865577910966e-14,462.4721016314163,-1.746750911215257e-11,2.3756886234270984e-28,60,
69.6,0.0,46.83157917841637,5.0359820770547954e-14,462.46577529439315,2.3289693556338143e-11,4.223446441648175e-28,60,
69.7,0.0,46.83157917841637,-7.475285895628212e-14,462.45946946404683,-3.457016749384295e-11,9.305811556611374e-28,60,
69.8,0.0,46.83157917841637,1.1016210793557366e-14,462.4531840739054,5.094481757909928e-12,2.0209851136793027e-29,60,
69.9,0.0,46.83157917841637,-2.5966782584813788e-14,462.44691905771236,-1.2008258604188597e-11,1.122884075916874e-28,60,
70.0,0.0,46.83157917841637,-9.835902494247648e-14,462.44067434942616,-4.548521382275085e-11,1.6111169592468927e-27,60,
70.1,0.0,46.83157917841637,-9.442466394477741e-14,462.4344498832191,-4.366521752671097e-11,1.4848053896419364e-27,60,
70.2,0.0,46.83157917841637,9.599840834385704e-14,462.42824559347684,4.4392375550216e-11,1.5347113485717863e-27,60,
70.3,0.0,46.83157917841637,-9.442466394477741e-15,462.422061414798,-4.3664047749743525e-12,1.4848053896419365e-29,60,
70.4,0.0,46.83157917841637,-4.5638587573309084e-14,462.41589728199295,-2.1104008423394533e-11,3.4686703685806833e-28,60,
70.5,0.0,46.83157917841637,-2.3606165986194353e-14,462.40975313008346,-1.0915721386023905e-11,9.280033685262102e-29,60,
70.6,0.0,46.83157917841637,-7.081849795858306e-14,462.40362889430196,-3.274673044889252e-11,8.352030316735893e-28,60,
70.7,0.0,46.83157917841637,-1.4163699591716613e-14,462.39752451009065,-6.549259629114343e-12,3.340812126694832e-29,60,
70.8,0.0,46.83157917841637,6.294977596318495e-14,462.39143991310124,2.910743754982422e-11,6.5991350650752745e-28,60,
70.9,0.0,46.83157917841637,8.812968634845893e-14,462.3853750391939,4.0749878074318703e-11,1.2934304727549376e-27,60,
71.0,0.0,46.83157917841637,3.383550458021191e-14,462.37932982443664,1.564483793207004e-11,1.9065313648944033e-28,60,
71.1,0.0,46.83157917841637,7.0818497958583064e-15,462.3733042051048,3.2744582899952517e-12,8.352030316735893e-30,60,
71.2,0.0,46.83157917841637,9.99327693415561e-14,462.3672981176802,4.620564455387264e-11,1.6630851478845966e-27,60,
71.3,0.0,46.83157917841637,7.475285895628212e-14,462.3613114988508,3.4562829905315214e-11,9.305811556610052e-28,60,
71.4,40000.0,46.6900217730849,91.72919865478758,436.0661663527168,40000.00000000001,1401.2442344339793,60,
71.5,40000.0,46.548227121223235,91.88293440636399,435.3365536095618,39999.99999999993,1411.8517519522443,60,
71.6,40000.0,46.40619447914199,92.03715206865442,434.60710268568903,40000.000000000065,1422.5315354042891,60,
71.7,40000.0,46.2639230924099,92.19185860238564,433.8777914491993,39999.99999999995,1433.2842933184857,60,
71.8,40000.0,46.121412195803266,92.34706100110468,433.1485979778127,40000.00000000004,1444.110743643001,60,
71.9,40000.0,45.97866101325291,92.50276629262409,432.4195005527036,39999.99999999997,1455.0116139055858,60,
72.0,40000.0,45.83566875778921,92.65898154048145,431.6904776524507,40000.000000000044,1465.9876413717293,60,
72.1,40000.0,45.69243463148459,92.81571384539838,430.9615079471062,39999.99999999999,1477.0395732120244,60,
72.2,40000.0,45.548957825393906,92.97297034675289,430.23257029237186,39999.99999999996,1488.1681666679524,60,
72.3,40000.0,45.405237519492594,93.13075822405554,429.50364372388486,40000.000000000015,1499.3741892230153,60,
72.4,40000.0,45.261272882612275,93.28908469843587,428.7747074516074,40000.000000000065,1510.6584187795938,60,
72.5,40000.0,45.117063072374414,93.44795703413871,428.0457408543144,40000.000000000044,1522.021643834137,60,
72.6,40000.0,44.97260723512129,93.60738254003037,427.3167234741802,39999.99999999996,1533.4646636624284,60,
72.7,40000.0,44.82790450584486,93.76736857111597,426.587635011457,39999.99999999998,1544.9882885033328,60,
72.8,40000.0,44.682954008113285,93.92792253006733,425.8584553192442,40000.00000000011,1556.5933397485082,60,
72.9,40000.0,44.53775485399481,94.08905186876356,425.12916439834515,40000.00000000001,1568.2806501383411,60,
73.0,40000.0,44.392306143979624,94.25076408984782,424.39974239220624,40000.000000000015,1580.0510639565755,60,
73.1,40000.0,44.24660696689894,94.4130667482925,423.6701695819386,39999.99999999996,1591.9054372355718,60,
73.2,30000.0,44.13897084565802,69.74820656410944,430.11858623813265,29999.999999999996,872.3018661433439,60,
73.3,30000.0,44.031204190881596,69.83279229512883,429.59760041118477,30000.000000000015,877.0131705391999,60,
73.4,30000.0,43.92330673021286,69.91755451333589,429.07679207055116,30000.000000000047,881.7472230382622,60,
73.5,30000.0,43.815278188147154,70.00249525857946,428.5561520226414,30000.000000000015,886.5041833649182,60,
73.6,30000.0,43.707118286024524,70.08761657547119,428.03567114734994,29999.999999999938,891.2842127446736,60,
73.7,0.0,43.707118286024524,-4.3600944720791277e-14,447.8405619107553,-1.9526271583598946e-11,3.4594184867682444e-28,60,
73.8,0.0,43.707118286024524,-4.671529791513351e-14,447.86091153028093,-2.0921955906680325e-11,3.9712712220548174e-28,60,
73.9,0.0,43.707118286024524,0.0,447.8812020605688,0.0,0.0,60,
74.0,0.0,43.707118286024524,-8.408753624724032e-14,447.90143367319666,-3.7662928039185826e-11,1.286691875945761e-27,60,
74.1,0.0,43.707118286024524,-6.540141708118691e-14,447.92160653924367,-2.9294707808948375e-11,7.783691595227443e-28,60,
74.2,0.0,43.707118286024524,-2.8029178749080106e-14,447.9417208292924,-1.2555438562294776e-11,1.4296576399399378e-28,60,
74.3,0.0,43.707118286024524,0.0,447.96177671343025,0.0,0.0,60,
74.4,0.0,43.707118286024524,3.114353194342234e-15,447.9817743612506,1.3951734699890626e-12,1.7650094320246143e-30,60,
74.5,0.0,43.707118286024524,9.343059583026701e-15,448.00171394185423,4.185706706656828e-12,1.588508488821927e-29,60,
74.6,-55000.0,43.8837562001225,-114.46136833549045,480.51146688018844,-55000.000000000065,1944.4741541291285,60,
74.7,-55000.0,44.060103665360415,-114.27315747416166,481.3028817588773,-54999.99999999999,1936.3210066181214,60,
74.8,-55000.0,44.23616272009132,-114.08626746563304,482.0913263427434,-55000.00000000001,1928.2375234177466,60,
74.9,-55000.0,44.411935382683296,-113.90068535959142,482.8768134832696,-55000.0,1920.222849418163,60,
75.0,-55000.0,44.58742365177837,-113.716398373616,483.6593559646262,-54999.99999999998,1912.2761428623776,60,
75.1,-55000.0,44.762629506547576,-113.53339389044746,484.43896650417616,-54999.99999999991,1904.3965750969219,60,
75.2,-50000.0,44.92256024854212,-103.63512081245703,482.4619261117304,-49999.9999999999,1585.3679714194677,60,
75.3,-50000.0,45.08225508170628,-103.48225189038064,483.17464189864484,-50000.00000000003,1579.3848075273359,60,
75.4,-50000.0,45.24171555772452,-103.33038845981206,483.8847578652654,-49999.99999999997,1573.448822871013,60,
75.5,-50000.0,45.400943214074395,-103.17952131472694,484.59228500862866,-50000.00000000004,1567.5594799502448,60,
75.6,-50000.0,45.559939574198,-103.0296413600986,485.2972342711083,-50000.00000000004,1561.7162490564688,60,
75.7,-50000.0,45.71870614767057,-102.88073961021698,485.99961654080585,-49999.99999999995,1555.9186081332366,60,
75.8,-50000.0,45.8772444303666,-102.73280718703764,486.6994426519365,-50000.00000000007,1550.1660426417227,60,
75.9,-50000.0,46.035555904623656,-102.58583531855801,487.39672338521063,-49999.99999999999,1544.4580454311233,60,
76.0,-50000.0,46.193642039403315,-102.43981533722787,488.09146946821414,-50000.00000000005,1538.7941166064036,60,
76.1,-45000.0,46.336520720105916,-92.58538509528947,486.0378336568536,-45000.00000000004,1255.942216652029,60,
76.2,-45000.0,46.47921509543676,-92.46595521437698,486.6656046073406,-45000.00000000005,1251.7700194866577,60,
76.3,-45000.0,46.62172628811489,-92.34725285544015,487.2911603601537,-44999.99999999995,1247.6276844729034,60,
76.4,-45000.0,46.76405541137916,-92.22927187523649,487.9145100578683,-44999.99999999995,1243.5149003079825,60,
76.5,-45000.0,46.90620356909271,-92.11200619838716,488.5356628003603,-44999.99999999997,1239.431359812046,60,
76.6,-5000.0,46.922754679603486,-10.725119610983613,466.1952669394499,-5000.000000000035,16.790785792555965,60,
76.7,-5000.0,46.939303393243335,-10.723566438621946,466.26278940111257,-5000.000000000023,16.784467635353064,60,
76.8,-5000.0,46.95584971617965,-10.722017262729521,466.33015760760117,-5000.000000000078,16.778163743811795,60,
76.9,-5000.0,46.97239365455466,-10.720472067004323,466.39737212590717,-5000.000000000008,16.771874057351404,60,
77.0,-5000.0,46.988935214485544,-10.718930835217106,466.46443352096406,-4999.999999999942,16.76559851566644,60,
77.1,-5000.0,47.00547440206457,-10.717393551210266,466.53134235565506,-4999.999999999966,16.759337058758458,60,
77.2,-5000.0,47.022011223359165,-10.715860198897133,466.5980991908197,-4999.999999999962,16.75308962690947,60,
77.3,0.0,47.022011223359165,-7.71635140177902e-14,463.6383625289486,-3.577596528618782e-11,9.859642050929536e-28,60,
77.4,0.0,47.022011223359165,-2.67710150673966e-14,463.62931252105733,-1.2411827311187953e-11,1.1867707424902296e-28,60,
77.5,0.0,47.022011223359165,5.66915613191928e-14,463.62029205678647,2.6283358215959385e-11,5.321989211996951e-28,60,
77.6,0.0,47.022011223359165,1.1023359145398599e-14,463.6113010396913,5.1105538752260236e-12,2.0121718471284766e-29,60,
77.7,0.0,47.022011223359165,-2.3621483882997e-14,463.602339373642,-1.0950975187634189e-11,9.239564604162684e-29,60,
77.8,0.0,47.022011223359165,3.9369139804994995e-14,463.59340696282237,1.8251273651393294e-11,2.566545723378159e-28,60,
77.9,0.0,47.022011223359165,1.007849979007872e-13,463.58450371172927,4.672236323342411e-11,1.682011405273349e-27,60,
78.0,0.0,47.022011223359165,-9.4485935531988e-14,463.5756295251712,-4.380137704551608e-11,1.4783303366658194e-27,60,
78.1,0.0,47.022011223359165,-3.46448430283956e-14,463.5667843082673,-1.6060198475538042e-11,1.9875330081840465e-28,60,
78.2,0.0,47.022011223359165,-1.1023359145398599e-14,463.5579679664466,-5.10996596560532e-12,2.0121718471287627e-29,60,
78.3,0.0,47.022011223359165,1.25981247375984e-14,463.54918040544675,5.839850396759322e-12,2.6281428207392345e-29,60,
78.4,0.0,47.022011223359165,-8.818687316318879e-14,463.5404215313133,-4.087818035959299e-11,1.2877899821624081e-27,60,
78.5,0.0,47.022011223359165,-9.921023230858739e-14,463.53169125039835,-4.598708677134443e-11,1.629859196174066e-27,60,
78.6,0.0,47.022011223359165,8.503734197878919e-14,463.52298946935963,3.941676297053664e-11,1.1974475726993138e-27,60,
78.7,0.0,47.022011223359165,-2.3621483882997e-14,463.5143160951598,-1.0948895947180194e-11,9.239564604162684e-29,60,
78.8,0.0,47.022011223359165,7.71635140177902e-14,463.5056710350652,3.57657263442395e-11,9.859642050929536e-28,60,
78.9,0.0,47.022011223359165,3.30700774361958e-14,463.49705419664474,1.5327883473731684e-11,1.8109546624158862e-28,60,
79.0,0.0,47.022011223359165,0.0,463.4884654877692,0.0,0.0,60,
79.1,0.0,47.022011223359165,5.35420301347932e-14,463.4799048166101,2.481565503056202e-11,4.747082969960243e-28,60,
79.2,0.0,47.022011223359165,-4.2518670989394596e-14,463.4713720916387,-1.9706186782967668e-11,2.99361893174871e-28,60,
79.3,0.0,47.022011223359165,1.5747655921998e-15,463.4628672216251,7.298453765628797e-13,4.106473157405054e-31,60,
79.4,0.0,47.022011223359165,1.1023359145398599e-14,463.45439011563724,5.1088241897563395e-12,2.0121718471287627e-29,60,
79.5,0.0,47.022011223359165,-2.99205462517962e-14,463.44594068303974,-1.3866555703414088e-11,1.4824368098232246e-28,60,
79.6,0.0,47.022011223359165,9.133640434758839e-14,463.43751883349324,4.232871661001905e-11,1.3814175701510602e-27,60,
79.7,0.0,47.022011223359165,2.99205462517962e-14,463.42912447695335,1.3866052553342101e-11,1.4824368098234353e-28,60,
79.8,0.0,47.022011223359165,-1.73224215141978e-14,463.42075752366947,-8.027569700253854e-12,4.968832520460116e-29,60,
79.9,0.0,47.022011223359165,-4.2518670989394596e-14,463.4124178841841,-1.9703680128417462e-11,2.99361893174871e-28,60,
80.0,0.0,47.022011223359165,3.7794374212795195e-14,463.4041054693317,1.7514068173853534e-11,2.3653285386653106e-28,60,
80.1,0.0,47.022011223359165,-9.29111699397882e-14,463.3958201902379,-4.3054647799082725e-11,1.4294633060926994e-27,60,
80.2,0.0,47.022011223359165,-5.35420301347932e-14,463.3875619583184,-2.4810710806460632e-11,4.747082969960918e-28,60,
80.3,0.0,47.022011223359165,-5.98410925035924e-14,463.379330685278,-2.7729125391790452e-11,5.929747239292898e-28,60,
80.4,0.0,47.022011223359165,3.7794374212795195e-14,463.3711262831099,1.7512821746148235e-11,2.365328538665647e-28,60,
80.5,0.0,47.022011223359165,5.19672645425934e-14,463.3629486640946,2.4079704932463127e-11,4.471949268414104e-28,60,
80.6,0.0,47.022011223359165,5.35420301347932e-14,463.35479774079874,2.4808956543738853e-11,4.747082969960243e-28,60,
80.7,0.0,47.022011223359165,9.921023230858739e-14,463.34667342607463,4.596873111001204e-11,1.6298591961742974e-27,60,
80.8,0.0,47.022011223359165,1.1023359145398599e-14,463.3385756330589,5.10754752512064e-12,2.0121718471284766e-29,60,
80.9,0.0,47.022011223359165,-1.5747655921998e-14,463.3305042751719,-7.29636935949123e-12,4.106473157405638e-29,60,
81.0,0.0,47.022011223359165,-6.2990623687992e-14,463.3224592661165,-2.9184970677826945e-11,6.570357051848088e-28,60,
81.1,0.0,47.022011223359165,-4.4093436581594396e-14,463.3144405198772,-2.0429125900400094e-11,3.2194749554055625e-28,60,
81.2,0.0,47.022011223359165,7.71635140177902e-14,463.3064479507196,3.575035359097794e-11,9.859642050930937e-28,60,
81.3,0.0,47.022011223359165,-7.873827960998999e-14,463.29848147318893,-3.647932537711972e-11,1.0266182893512635e-27,60,
81.4,0.0,47.022011223359165,-4.2518670989394596e-14,463.29054100210936,-1.9698498085367317e-11,2.99361893174871e-28,60,
81.5,0.0,47.022011223359165,9.4485935531988e-14,463.28262645258326,4.377369237608886e-11,1.4783303366658194e-27,60,
81.6,0.0,47.022011223359165,-2.2046718290797198e-14,463.2747377399902,-1.0213687634196516e-11,8.048687388513906e-29,60,
81.7,0.0,47.022011223359165,4.4093436581594396e-14,463.2668747799857,2.0427028563464733e-11,3.2194749554060203e-28,60,
81.8,0.0,47.022011223359165,-1.8897187106397597e-14,463.25903748850095,-8.754292710149862e-12,5.913321346663276e-29,60,
81.9,0.0,47.022011223359165,5.03924989503936e-14,463.25122578174137,2.3344386908974948e-11,4.2050285131833725e-28,60,
82.0,0.0,47.022011223359165,-6.61401548723916e-14,463.243439576186,-3.0638992837188325e-11,7.243818649662515e-28,60,
82.1,0.0,47.022011223359165,9.60607011241878e-14,463.23567878858654,4.4498744090170674e-11,1.528018661870421e-27,60,
82.2,0.0,47.022011223359165,4.5668202173794197e-14,463.2279433359664,2.1154787368817795e-11,3.4535439253781415e-28,60,
82.3,0.0,47.022011223359165,9.921023230858739e-14,463.22023313562,4.595618693942287e-11,1.629859196174066e-27,60,
82.4,0.0,47.022011223359165,-8.818687316318879e-14,463.2125481051116,-4.084926622734296e-11,1.2877899821624081e-27,60,
82.5,0.0,47.022011223359165,1.41728903297982e-14,463.20488816227453,6.564952080150357e-12,3.3262432574980944e-29,60,
82.6,0.0,47.022011223359165,-2.67710150673966e-14,463.1972532252106,-1.2400260645268831e-11,1.1867707424900608e-28,60,
82.7,0.0,47.022011223359165,-4.0943905397194796e-14,463.18964321228873,-1.896479293264436e-11,2.7759758544062113e-28,60,
82.8,0.0,47.022011223359165,-8.34625763865894e-14,463.1820580421445,-3.865836790024017e-11,1.1535083099150799e-27,60,
82.9,0.0,47.022011223359165,-2.83457806595964e-14,463.1744976336789,-1.3129042717043014e-11,1.3304973029994268e-28,60,
83.0,0.0,47.022011223359165,-7.873827960999e-15,463.1669619060579,-3.646896975266878e-12,1.0266182893512637e-29,60,
83.1,0.0,47.022011223359165,3.1495311843996e-14,463.1594507787112,1.4587351335769423e-11,1.642589262962022e-28,60,
83.2,0.0,47.022011223359165,-8.503734197878919e-14,463.15196417133154,-3.938521196538544e-11,1.197447572699484e-27,60,
83.3,0.0,47.022011223359165,8.34625763865894e-14,463.1445020038738,3.8655233376527225e-11,1.1535083099150799e-27,60,
83.4,85000.0,46.696261713208706,211.08568257748163,402.68008214531415,85000.00000000001,7378.272798775438,60,
83.5,85000.0,46.36897130000071,212.0841877587949,400.7842399673434,84999.99999999997,7520.658448937329,60,
83.6,85000.0,46.04011832293141,213.09672914091874,398.8798905673973,84999.99999999997,7666.096935053845,60,
83.7,85000.0,45.70968044673027,214.12374377832495,396.9667188707367,84999.99999999999,7814.688143688614,60,
83.8,85000.0,45.37763463510633,215.1656859323204,395.04440325459916,85000.00000000001,7966.53655521336,60,
83.9,85000.0,45.04395712259889,216.2230281048047,393.11261499307074,85000.00000000001,8121.751519625993,60,
84.0,85000.0,44.708623384722,217.29626214423428,391.171017675305,84999.99999999997,8280.447553030957,60,
84.1,85000.0,44.37160810628017,218.38590043032005,389.21926659418557,85000.0,8442.744656719606,60,
84.2,85000.0,44.03288514772355,219.49247714467498,387.25700810225777,85000.00000000003,8608.768660866173,60,
84.3,85000.0,43.69242750939737,220.6165496353778,385.28387893148994,84999.99999999994,8778.651595181529,60,
84.4,85000.0,43.35020729352654,221.75869988428013,383.29950547309,84999.99999999996,8952.532089083954,60,
84.5,75000.0,43.05359653338605,192.20377257104718,390.21086317271244,75000.00000000003,6787.733292728841,60,
84.6,75000.0,42.75571665660025,193.02616015720892,388.5483705364946,74999.99999999996,6900.5644100783675,60,
84.7,75000.0,42.45655121454112,193.85920645429908,386.87871147187803,75000.00000000001,7015.584037224186,60,
84.8,75000.0,42.156083307895855,194.70320350614418,385.2016743917278,75000.00000000006,7132.856969016054,60,
84.9,75000.0,41.85429557037278,195.5584539149394,383.51704310682555,74999.99999999997,7252.450683438697,60,
85.0,75000.0,41.55117015155035,196.42527139694795,381.8245965328744,75000.0,7374.4354862107575,60,
85.1,75000.0,41.246688698813664,197.30398137338418,380.1241083831332,74999.99999999999,7498.884665121462,60,
85.2,75000.0,40.9408323383209,198.19492159929405,378.4153468454318,75000.00000000003,7625.874654835939,60,
85.3,75000.0,40.63358165493592,199.0984428334821,376.69807424223313,75000.00000000004,7755.485213064155,60,
85.4,75000.0,40.324916671058055,200.0149095528402,374.9720466722826,74999.99999999999,7887.7996090389515,60,
85.5,75000.0,40.01481682427605,200.94470071474512,373.2370136322615,75000.00000000003,8022.904825300674,60,
85.6,75000.0,39.703260943764434,201.88821057154178,371.4927176167265,74999.99999999999,8160.8917739870285,60,
85.7,0.0,39.703260943764434,-7.374742196182264e-14,429.23973120699145,-3.165532358010133e-11,1.0943585778682776e-27,60,
85.8,0.0,39.703260943764434,-6.145618496818554e-14,429.28680289899086,-2.638232916336139e-11,7.599712346306404e-28,60,
85.9,0.0,39.703260943764434,3.687371098091132e-14,429.3337534852171,1.5831128740363723e-11,2.735896444670694e-28,60,
86.0,0.0,39.703260943764434,-4.9164947974548426e-14,429.38058327725037,-2.111047403810727e-11,4.863815901636098e-28,60,
86.1,0.0,39.703260943764434,0.0,429.4272925858693,0.0,0.0,60,
86.2,0.0,39.703260943764434,3.687371098091132e-14,429.47388172105286,1.5836295788432197e-11,2.735896444670694e-28,60,
86.3,0.0,39.703260943764434,7.374742196182264e-14,429.52035099198264,3.167601856579591e-11,1.094358577868122e-27,60,
86.4,0.0,39.703260943764434,-6.145618496818554e-14,429.5667007070446,-2.6399530614825333e-11,7.599712346307484e-28,60,
86.5,0.0,39.703260943764434,-7.374742196182264e-14,429.61293117383144,-3.1682846115532015e-11,1.094358577868122e-27,60,
86.6,0.0,39.703260943764434,7.374742196182264e-14,429.6590426991444,3.168624672164657e-11,1.094358577868122e-27,60,
86.7,0.0,39.703260943764434,-1.2291236993637107e-14,429.7050355889954,-5.281606429783609e-12,3.039884938522993e-29,60,
86.8,0.0,39.703260943764434,0.0,429.750910148609,0.0,0.0,60,
86.9,0.0,39.703260943764434,-6.145618496818554e-14,429.7966666824247,-2.6413663446344678e-11,7.599712346307484e-28,60,
87.0,0.0,39.703260943764434,6.145618496818554e-14,429.8423054940984,2.6416468233596627e-11,7.599712346306404e-28,60,
87.1,0.0,39.703260943764434,4.9164947974548426e-14,429.8878268865051,2.1135412643766704e-11,4.863815901636098e-28,60,
87.2,0.0,39.703260943764434,-2.4582473987274213e-14,429.9332311617403,-1.0568822471298233e-11,1.2159539754091973e-28,60,
87.3,0.0,39.703260943764434,-8.603865895545975e-14,429.9785186211224,-3.699477512181655e-11,1.4895436198760551e-27,60,
87.4,0.0,39.703260943764434,4.9164947974548426e-14,430.02368956519445,2.114209232529615e-11,4.863815901636789e-28,60,
87.5,0.0,39.703260943764434,-4.9164947974548426e-14,430.0687442937266,-2.1144307438680438e-11,4.863815901636098e-28,60,
87.6,0.0,39.703260943764434,2.4582473987274213e-14,430.1136831057172,1.0573258426516998e-11,1.2159539754090244e-28,60,
87.7,0.0,39.703260943764434,2.4582473987274213e-14,430.1585062993959,1.0574360291509631e-11,1.2159539754091973e-28,60,
87.8,0.0,39.703260943764434,-3.687371098091132e-14,430.2032141722247,-1.5863188982445705e-11,2.735896444670305e-28,60,
87.9,0.0,39.703260943764434,-4.9164947974548426e-14,430.24780702090044,-2.115311104834612e-11,4.863815901636789e-28,60,
88.0,0.0,39.703260943764434,-6.145618496818554e-14,430.29228514135656,-2.644412226603044e-11,7.599712346306404e-28,60,
88.1,0.0,39.703260943764434,-7.374742196182264e-14,430.33664882876514,-3.173621842681163e-11,1.094358577868122e-27,60,
88.2,0.0,39.703260943764434,-4.9164947974548426e-14,430.38089837753887,-2.1159654477971113e-11,4.863815901636789e-28,60,
88.3,0.0,39.703260943764434,-4.9164947974548426e-14,430.425034081333,-2.1161824407551973e-11,4.863815901636098e-28,60,
88.4,0.0,39.703260943764434,7.374742196182264e-14,430.4690562330471,3.174598313152609e-11,1.0943585778682776e-27,60,
88.5,0.0,39.703260943764434,-4.9164947974548426e-14,430.51296512482753,-2.1166147532730728e-11,4.863815901636098e-28,60,
88.6,0.0,39.703260943764434,2.4582473987274213e-14,430.55676104806855,1.0584150378509184e-11,1.2159539754090244e-28,60,
88.7,0.0,39.703260943764434,4.9164947974548426e-14,430.6004442934151,2.117044844150319e-11,4.863815901636789e-28,60,
88.8,0.0,39.703260943764434,6.145618496818554e-14,430.6440151507641,2.6465738250547455e-11,7.599712346306404e-28,60,
88.9,0.0,39.703260943764434,0.0,430.6874739092668,0.0,0.0,60,
89.0,0.0,39.703260943764434,8.603865895545975e-14,430.73082085733046,3.705950219734908e-11,1.4895436198760551e-27,60,
89.1,0.0,39.703260943764434,-9.832989594909685e-14,430.77405628262034,-4.2357968131840446e-11,1.945526360654439e-27,60,
89.2,0.0,39.703260943764434,-3.687371098091132e-14,430.81718047206147,-1.5885828198337905e-11,2.735896444670694e-28,60,
89.3,0.0,39.703260943764434,1.2291236993637107e-14,430.86019371184085,5.295804752036628e-12,3.039884938522561e-29,60,
89.4,0.0,39.703260943764434,-2.4582473987274213e-14,430.90309628740914,-1.059266415552115e-11,1.2159539754091973e-28,60,
89.5,0.0,39.703260943764434,4.9164947974548426e-14,430.9458884834826,2.118743218713597e-11,4.863815901636098e-28,60,
89.6,0.0,39.703260943764434,8.603865895545975e-14,430.98857058404485,3.708167863818173e-11,1.4895436198760551e-27,60,
89.7,0.0,39.703260943764434,7.374742196182264e-14,431.03114287234905,3.178743557209379e-11,1.0943585778682776e-27,60,
89.8,0.0,39.703260943764434,-2.4582473987274213e-14,431.0736056309196,-1.0596855697022583e-11,1.2159539754090244e-28,60,
89.9,0.0,39.703260943764434,-3.687371098091132e-14,431.1159591415538,-1.5896845276644028e-11,2.735896444670694e-28,60,
90.0,0.0,39.703260943764434,4.9164947974548426e-14,431.15820368532417,2.1197870652988715e-11,4.863815901636098e-28,60,
90.1,0.0,39.703260943764434,-2.4582473987274213e-14,431.20033954258,-1.0599971130109281e-11,1.2159539754090244e-28,60,
90.2,0.0,39.703260943764434,0.0,431.2423669929494,0.0,0.0,60,
90.3,0.0,39.703260943764434,8.603865895545975e-14,431.28428631534086,3.710712162313447e-11,1.4895436198760551e-27,60,
90.4,0.0,39.703260943764434,3.687371098091132e-14,431.3260977879455,1.5904593868356998e-11,2.735896444670694e-28,60,
90.5,0.0,39.703260943764434,1.843685549045566e-14,431.36780168823856,7.95306582296159e-12,6.839741111675763e-29,60,
90.6,0.0,39.703260943764434,6.145618496818553e-15,431.4093982929815,2.6512775778507098e-12,7.599712346306403e-30,60,
90.7,0.0,39.703260943764434,6.760180346500409e-14,431.4508878782236,2.9166858127145186e-11,9.195651939032055e-28,60,
90.8,0.0,39.703260943764434,5.531056647136698e-14,431.4922707193041,2.3866081921501145e-11,6.155767000508188e-28,60,
90.9,0.0,39.703260943764434,8.603865895545975e-14,431.5335470908537,3.712856768598979e-11,1.4895436198762668e-27,60,
91.0,0.0,39.703260943764434,-1.843685549045566e-14,431.5747172667966,-7.956880695582188e-12,6.839741111675763e-29,60,
91.1,0.0,39.703260943764434,1.2291236993637107e-14,431.61578152035224,5.305091860860545e-12,3.039884938522561e-29,60,
91.2,0.0,39.703260943764434,-8.603865895545975e-14,431.65674012403707,-3.713916704935755e-11,1.4895436198762668e-27,60,
91.3,0.0,39.703260943764434,9.832989594909685e-14,431.6975933496665,4.244877943554823e-11,1.945526360654439e-27,60,
91.4,0.0,39.703260943764434,4.3019329477729876e-14,431.73834146835657,1.8573093959795878e-11,3.723859049690667e-28,60,
91.5,0.0,39.703260943764434,6.145618496818554e-14,431.7789847505258,2.653548915220368e-11,7.599712346306404e-28,60,
91.6,0.0,39.703260943764434,-4.3019329477729876e-14,431.819523465897,-1.857658635489573e-11,3.723859049690138e-28,60,
91.7,0.0,39.703260943764434,-3.072809248409277e-14,431.85995788349896,-1.3270232726020564e-11,1.899928086576871e-28,60,
91.8,0.0,39.703260943764434,9.832989594909685e-14,431.9002882716684,4.246871040613809e-11,1.945526360654439e-27,60,
91.9,0.0,39.703260943764434,1.2291236993637107e-14,431.9405148980516,5.309083235765592e-12,3.039884938522993e-29,60,
92.0,0.0,39.703260943764434,-5.531056647136698e-14,431.9806380296064,-2.3893093794080062e-11,6.155767000508188e-28,60,
92.1,0.0,39.703260943764434,5.531056647136698e-14,432.0206579326035,2.3895307317584963e-11,6.155767000508188e-28,60,
92.2,0.0,39.703260943764434,-7.374742196182264e-14,432.0605748726289,-3.186335352819943e-11,1.0943585778682776e-27,60,
92.3,0.0,39.703260943764434,-3.687371098091132e-14,432.10038911458497,-1.5933144862950525e-11,2.735896444670305e-28,60,
92.4,0.0,39.703260943764434,6.145618496818554e-14,432.14010092269274,2.655768197447537e-11,7.599712346307484e-28,60,
92.5,0.0,39.703260943764434,1.2291236993637107e-14,432.17971056049356,5.3120232463405155e-12,3.039884938522561e-29,60,
92.6,0.0,39.703260943764434,-1.2291236993637107e-14,432.21921829085045,-5.312508845217413e-12,3.039884938522561e-29,60,
92.7,0.0,39.703260943764434,-6.145618496818554e-14,432.2586243759504,-2.656496597374184e-11,7.599712346307484e-28,60,
92.8,-55000.0,39.885406804500654,-118.0305177570774,465.98118050449773,-55000.00000000001,2108.7865638642716,60,
92.9,-55000.0,40.067209950407836,-117.80843854784405,466.8595957806844,-55000.00000000007,2099.83965629363,60,
93.0,-55000.0,40.248678380955496,-117.59154299488874,467.72071017377993,-54999.99999999994,2090.7655413146795,60,
93.1,-55000.0,40.42982352124445,-117.38205090724955,468.55545268551003,-54999.9999999999,2081.410776984707,60,
93.2,-55000.0,40.61064773630858,-117.17409136154689,469.3870407775947,-55000.000000000015,2072.140518083375,60,
93.3,-55000.0,40.79115336685613,-116.96764859481937,470.21548830584953,-55000.0,2062.9536736233777,60,
93.4,-50000.0,40.95595631767025,-106.79231212753965,468.1984967259271,-50000.00000000006,1718.0674712142002,60,
93.5,-50000.0,41.12049216555179,-106.61922942724105,468.9585571814789,-50000.000000000044,1711.070388341107,60,
93.6,-50000.0,41.28476275298927,-106.44734065949956,469.71582089531466,-50000.000000000044,1704.1321676443733,60,
93.7,-50000.0,41.44876990465624,-106.27663428018744,470.4702998796537,-50000.000000000065,1697.2520984645832,60,
93.8,-55000.0,41.62781700113059,-116.0225185153863,474.0459068099453,-54999.99999999996,2021.1230461467014,60,
93.9,-55000.0,41.80655835411846,-115.82439673613078,474.85677931308425,-54999.99999999997,2012.3896786332919,60,
94.0,-55000.0,41.9849961501415,-115.62769182293992,475.6646019036782,-54999.999999999905,2003.7328855921817,60,
94.1,-55000.0,42.163132553801304,-115.43238957156399,476.4693878740326,-54999.999999999956,1995.1517048738199,60,
94.2,-55000.0,42.34096970807023,-115.23847596625622,477.27115044548896,-54999.999999999935,1986.6451897142904,60,
94.3,0.0,42.34096970807023,-4.3401163387028024e-14,445.3480691915104,-1.9328624315078204e-11,3.5549755349675485e-28,60,
94.4,0.0,42.34096970807023,-6.20016619814686e-14,445.3675602041855,-2.7613528925291277e-11,7.255052112179701e-28,60,
94.5,0.0,42.34096970807023,9.300249297220291e-14,445.38699710587593,4.142210106824978e-11,1.632386725240201e-27,60,
94.6,-50000.0,42.50330169211634,-105.19112566188419,475.3252680336848,-50000.00000000012,1653.8211982140651,60,
94.7,-50000.0,42.665383439600355,-105.028972369633,476.05911846907173,-49999.99999999998,1647.3571063893455,60,
94.8,-50000.0,42.82721663200448,-104.86790867787664,476.7902843717917,-49999.99999999988,1640.9455273569347,60,
94.9,-50000.0,42.98880293502542,-104.70792435755963,477.5187771773466,-49999.99999999998,1634.5858467378107,60,
95.0,-50000.0,43.15014399876972,-104.54900930631855,478.24460826314316,-50000.00000000002,1628.277459300295,60,
95.1,-50000.0,43.31124145794642,-104.39115354651271,478.9677889489167,-50000.00000000006,1622.0197687978884,60,
95.2,-50000.0,43.47209693205645,-104.23434722328929,479.6883304971506,-49999.99999999995,1615.8121878047382,60,
95.3,-45000.0,43.61749778964649,-94.21975571835014,477.6068421841152,-44999.99999999994,1319.1488296893042,60,
95.4,-45000.0,43.76270022668762,-94.09117920264175,478.25949660046956,-45000.000000000015,1314.5666488437078,60,
95.5,-45000.0,43.90770548439678,-93.96340699553771,478.9098377641527,-45000.000000000015,1310.0185241806569,60,
95.6,-45000.0,44.05251479318537,-93.83643209500694,479.55787528706014,-45000.00000000003,1305.504088794433,60,
95.7,-45000.0,44.197129372782626,-93.71024757901607,480.2036187350395,-44999.99999999999,1301.0229808074203,60,
95.8,-5000.0,44.21399863590942,-10.931282506159418,457.40287081434144,-4999.999999999906,17.690037839162265,60,
95.9,-5000.0,44.23086481134959,-10.929281685230825,457.48660744619616,-5000.0000000000955,17.682021813955963,60,
96.0,-5000.0,44.24772790805081,-10.927286662390207,457.5701319531712,-5000.000000000015,17.674027140049795,60,
96.1,-5000.0,44.264587934923135,-10.925297413266241,457.6534451070075,-4999.999999999973,17.6660537220252,60,
96.2,-5000.0,44.28144490083918,-10.923313913600312,457.7365476766768,-5000.000000000016,17.6581014649451,60,
96.3,-5000.0,44.29829881463432,-10.921336139246034,457.8194404283913,-4999.999999999986,17.65017027435143,60,
96.4,-5000.0,44.31514968510681,-10.919364066169521,457.90212412561357,-4999.999999999921,17.642260056290073,60,
96.5,0.0,44.31514968510681,-8.738090804438711e-14,454.8884839697896,-3.974856878821485e-11,1.3665090986107553e-27,60,
96.6,0.0,44.31514968510681,1.4043360221419357e-14,454.8916376692215,6.388207129500252e-12,3.529567505978035e-29,60,
96.7,0.0,44.31514968510681,3.666877391148388e-14,454.89478202084155,1.668043391543598e-11,2.4064242656501817e-28,60,
96.8,0.0,44.31514968510681,-1.4043360221419357e-14,454.8979170523574,-6.388295313139598e-12,3.529567505978035e-29,60,
96.9,0.0,44.31514968510681,-5.227250749083871e-14,454.90104279139456,-2.3778818166903515e-11,4.890193992079521e-28,60,
97.0,0.0,44.31514968510681,-6.085456095948388e-14,454.9041592654966,-2.768299289074493e-11,6.62774342789209e-28,60,
97.1,0.0,44.31514968510681,-6.007437428051613e-14,454.90726650212565,-2.7328269390775195e-11,6.4588906614023985e-28,60,
97.2,0.0,44.31514968510681,-5.695362756464516e-14,454.91036452866217,-2.5908795476662392e-11,5.805267049185068e-28,60,
97.3,0.0,44.31514968510681,-1.6383920258322582e-14,454.9134533724056,-7.453265744491642e-12,4.804133549803437e-29,60,
97.4,0.0,44.31514968510681,-3.120746715870968e-14,454.9165330605745,-1.4196792765441945e-11,1.7429962992486596e-28,60,
97.5,0.0,44.31514968510681,-8.035922793367743e-14,454.9196036203068,-3.655698811882243e-11,1.1557154836704006e-27,60,
97.6,0.0,44.31514968510681,-1.3263173542451614e-14,454.92266507865975,-6.033718255332857e-12,3.148287065517445e-29,60,
97.7,0.0,44.31514968510681,8.504034800748388e-14,454.9257174626106,3.868704133057469e-11,1.294283689460833e-27,60,
97.8,0.0,44.31514968510681,-8.426016132851614e-14,454.9287607990566,-3.8332370777910436e-11,1.2706443021520927e-27,60,
97.9,0.0,44.31514968510681,-1.4043360221419357e-14,454.93179511481526,-6.3887710749742975e-12,3.529567505978537e-29,60,
98.0,0.0,44.31514968510681,2.6526347084903228e-14,454.9348204366246,1.206775894791003e-11,1.259314826206978e-28,60,
98.1,0.0,44.31514968510681,7.80186678967742e-15,454.93783679114335,3.5493644002285073e-12,1.0893726870302574e-29,60,
98.2,0.0,44.31514968510681,-4.095980064580645e-14,454.94084420495136,-1.86342862842697e-11,3.0025834686275742e-28,60,
98.3,0.0,44.31514968510681,-2.340560036903226e-14,454.9438427045495,-1.064823377269456e-11,9.804354183272319e-29,60,
98.4,0.0,44.31514968510681,2.5746160405935485e-14,454.94683231636026,1.1713134120989245e-11,1.186326856176119e-28,60,
98.5,0.0,44.31514968510681,-3.978952062735484e-14,454.9498130667277,-1.810223497142979e-11,2.8334583589657003e-28,60,
98.6,0.0,44.31514968510681,-8.347997464954839e-14,454.95278498191783,-3.797944695703194e-11,1.2472227893809418e-27,60,
98.7,0.0,44.31514968510681,-7.879885457574195e-14,454.9557480881188,-3.584999183199356e-11,1.1112690780397239e-27,60,
98.8,0.0,44.31514968510681,8.816109472335485e-14,454.95870241144115,4.010965725850967e-11,1.391019984068936e-27,60,
98.9,0.0,44.31514968510681,1.0142426826580646e-14,454.961647977918,4.614415223516576e-12,1.841039841081397e-29,60,
99.0,0.0,44.31514968510681,-3.003718714025807e-14,454.9645848135054,-1.3665856376233074e-11,1.6147226653505996e-28,60,
99.1,0.0,44.31514968510681,-8.699081470490323e-14,454.96751294408233,-3.957799461526933e-11,1.354335358833192e-27,60,
99.2,0.0,44.31514968510681,5.11022274723871e-14,454.97043239545104,2.3250002529482658e-11,4.673681170532227e-28,60,
99.3,0.0,44.31514968510681,4.252017400374194e-14,454.97334319333754,1.934554571964491e-11,3.2357092236516225e-28,60,
99.4,0.0,44.31514968510681,-1.9114573634709678e-14,454.9762453633914,-8.696676944042282e-12,6.53895955390005e-29,60,
99.5,0.0,44.31514968510681,-1.8724480295225807e-14,454.97913893118607,-8.519247921655799e-12,6.274786677294284e-29,60,
99.6,0.0,44.31514968510681,-4.993194745393549e-14,454.98202392221947,-2.2718138510969483e-11,4.462070526075936e-28,60,
99.7,0.0,44.31514968510681,-2.379569370851613e-14,454.9849003619137,-1.0826681331011828e-11,1.0133889421100412e-28,60,
99.8,0.0,44.31514968510681,9.986389490787098e-14,454.98776827561557,4.5436850675442825e-11,1.7848282104303744e-27,60,
99.9,0.0,44.31514968510681,8.308988131006452e-14,454.9906276885968,3.7805117251837265e-11,1.2355937359470696e-27,60,
100.0,0.0,44.31514968510681,-5.071213413290323e-15,454.99347862605435,-2.307369031768071e-12,4.6025996027028386e-30,60,
